-- phpMyAdmin SQL Dump
-- version 5.2.1
-- https://www.phpmyadmin.net/
--
-- Host: 127.0.0.1
-- Generation Time: Sep 09, 2024 at 11:01 PM
-- Server version: 10.4.32-MariaDB
-- PHP Version: 8.2.12

SET SQL_MODE = "NO_AUTO_VALUE_ON_ZERO";
START TRANSACTION;
SET time_zone = "+00:00";


/*!40101 SET @OLD_CHARACTER_SET_CLIENT=@@CHARACTER_SET_CLIENT */;
/*!40101 SET @OLD_CHARACTER_SET_RESULTS=@@CHARACTER_SET_RESULTS */;
/*!40101 SET @OLD_COLLATION_CONNECTION=@@COLLATION_CONNECTION */;
/*!40101 SET NAMES utf8mb4 */;

--
-- Database: `blood_bank`
--

-- --------------------------------------------------------

--
-- Table structure for table `blood`
--

CREATE TABLE `blood` (
  `id` int(11) NOT NULL,
  `group` varchar(3) NOT NULL
) ENGINE=InnoDB DEFAULT CHARSET=utf8mb4 COLLATE=utf8mb4_general_ci;

--
-- Dumping data for table `blood`
--

INSERT INTO `blood` (`id`, `group`) VALUES
(1, 'AB-'),
(2, 'B-'),
(3, 'AB+'),
(4, 'A-'),
(5, 'o-'),
(6, 'B+'),
(7, 'A+'),
(8, 'O+');

-- --------------------------------------------------------

--
-- Table structure for table `donation`
--

CREATE TABLE `donation` (
  `id` int(11) NOT NULL,
  `group_id` int(11) NOT NULL,
  `donor_id` int(11) NOT NULL
) ENGINE=InnoDB DEFAULT CHARSET=utf8mb4 COLLATE=utf8mb4_general_ci;

--
-- Dumping data for table `donation`
--

INSERT INTO `donation` (`id`, `group_id`, `donor_id`) VALUES
(1001, 6, 1),
(1002, 8, 2),
(1003, 6, 3),
(1004, 6, 4),
(1005, 4, 5),
(1006, 3, 6),
(1007, 1, 7),
(1008, 1, 8),
(1009, 5, 9),
(1010, 5, 10),
(1011, 2, 11),
(1012, 3, 12),
(1013, 7, 13),
(1014, 8, 14),
(1015, 5, 15),
(1016, 2, 16),
(1017, 7, 17),
(1019, 6, 19),
(1020, 8, 20),
(1021, 5, 21),
(1022, 7, 22),
(1023, 6, 23),
(1025, 4, 25),
(1026, 3, 26),
(1027, 1, 27),
(1028, 6, 28),
(1029, 8, 29),
(1030, 5, 30),
(1031, 8, 31),
(1032, 8, 32),
(1033, 1, 33),
(1034, 5, 34),
(1035, 3, 35),
(1036, 2, 36),
(1037, 6, 37),
(1038, 2, 38),
(1039, 5, 39),
(1040, 2, 40),
(1041, 4, 41),
(1042, 6, 42),
(1043, 1, 43),
(1044, 3, 44),
(1045, 4, 45),
(1046, 1, 46),
(1047, 2, 47),
(1048, 6, 48),
(1049, 6, 49),
(1050, 7, 50),
(1051, 5, 51),
(1052, 5, 52),
(1053, 3, 53),
(1054, 8, 54),
(1055, 6, 55),
(1056, 7, 56),
(1057, 6, 57),
(1058, 8, 58),
(1059, 7, 59),
(1060, 8, 60),
(1061, 5, 61),
(1062, 1, 62),
(1063, 7, 63),
(1064, 4, 64),
(1065, 1, 65),
(1066, 8, 66),
(1067, 5, 67),
(1068, 1, 68),
(1069, 3, 69),
(1070, 4, 70),
(1071, 4, 71),
(1072, 5, 72),
(1073, 5, 73),
(1074, 4, 74),
(1075, 4, 75),
(1076, 5, 76),
(1077, 6, 77),
(1078, 7, 78),
(1079, 7, 79),
(1080, 5, 80),
(1081, 5, 81),
(1082, 2, 82),
(1083, 3, 83),
(1084, 8, 84),
(1085, 5, 85),
(1086, 2, 86),
(1087, 2, 87),
(1088, 4, 88),
(1089, 4, 89),
(1090, 7, 90),
(1091, 6, 91),
(1092, 1, 92),
(1093, 2, 93),
(1094, 7, 94),
(1095, 3, 95),
(1096, 1, 96),
(1097, 6, 97),
(1098, 3, 98),
(1099, 4, 99),
(1100, 2, 100),
(1101, 4, 101),
(1102, 1, 102),
(1103, 5, 103),
(1104, 6, 104),
(1105, 1, 105),
(1106, 8, 106),
(1107, 4, 107),
(1108, 5, 108),
(1109, 3, 109),
(1110, 7, 110),
(1111, 3, 111),
(1112, 3, 112),
(1113, 4, 113),
(1114, 3, 114),
(1115, 1, 115),
(1116, 6, 116),
(1117, 3, 117),
(1118, 3, 118),
(1119, 5, 119),
(1120, 8, 120),
(1121, 8, 121),
(1122, 7, 122),
(1123, 3, 123),
(1124, 1, 124),
(1125, 3, 125),
(1126, 5, 126),
(1127, 5, 127),
(1128, 5, 128),
(1129, 7, 129),
(1130, 4, 130),
(1131, 6, 131),
(1132, 8, 132),
(1133, 7, 133),
(1134, 1, 134),
(1135, 1, 135),
(1136, 8, 136),
(1137, 4, 137),
(1138, 6, 138),
(1139, 1, 139),
(1140, 3, 140),
(1141, 2, 141),
(1142, 3, 142),
(1143, 8, 143),
(1144, 4, 144),
(1145, 4, 145),
(1146, 8, 146),
(1147, 3, 147),
(1148, 5, 148),
(1149, 2, 149),
(1150, 1, 150),
(1151, 6, 151),
(1152, 2, 152),
(1153, 1, 153),
(1154, 6, 154),
(1155, 3, 155),
(1156, 2, 156),
(1157, 4, 157),
(1158, 3, 158),
(1159, 3, 159),
(1160, 4, 160),
(1161, 5, 161),
(1162, 6, 162),
(1163, 3, 163),
(1164, 5, 164),
(1165, 2, 165),
(1166, 1, 166),
(1167, 8, 167),
(1168, 5, 168),
(1169, 2, 169),
(1170, 7, 170),
(1171, 5, 171),
(1172, 3, 172),
(1173, 2, 173),
(1174, 6, 174),
(1175, 7, 175),
(1176, 2, 176),
(1177, 3, 177),
(1178, 3, 178),
(1179, 4, 179),
(1180, 2, 180),
(1181, 6, 181),
(1182, 6, 182),
(1183, 4, 183),
(1184, 2, 184),
(1185, 6, 185),
(1186, 6, 186),
(1187, 6, 187),
(1188, 8, 188),
(1189, 1, 189),
(1190, 1, 190),
(1191, 4, 191),
(1192, 2, 192),
(1193, 3, 193),
(1194, 1, 194),
(1195, 5, 195),
(1196, 3, 196),
(1197, 7, 197),
(1198, 2, 198),
(1199, 3, 199),
(1200, 1, 200),
(1201, 4, 201),
(1202, 1, 202),
(1203, 2, 203),
(1204, 6, 204),
(1205, 6, 205),
(1206, 5, 206),
(1207, 8, 207),
(1208, 7, 208),
(1209, 3, 209),
(1210, 2, 210),
(1211, 7, 211),
(1212, 4, 212),
(1213, 6, 213),
(1214, 1, 214),
(1215, 5, 215),
(1216, 6, 216),
(1217, 5, 217),
(1218, 8, 218),
(1219, 7, 219),
(1220, 2, 220),
(1221, 6, 221),
(1222, 6, 222),
(1223, 3, 223),
(1224, 7, 224),
(1225, 7, 225),
(1226, 4, 226),
(1227, 2, 227),
(1228, 5, 228),
(1229, 1, 229),
(1230, 7, 230),
(1231, 8, 231),
(1232, 1, 232),
(1233, 5, 233),
(1234, 7, 234),
(1235, 3, 235),
(1236, 8, 236),
(1237, 7, 237),
(1238, 4, 238),
(1239, 5, 239),
(1240, 3, 240),
(1241, 1, 241),
(1242, 3, 242),
(1243, 6, 243),
(1244, 2, 244),
(1245, 7, 245),
(1246, 4, 246),
(1247, 1, 247),
(1248, 7, 248),
(1249, 6, 249),
(1250, 3, 250),
(1251, 4, 251),
(1252, 3, 252),
(1253, 8, 253),
(1254, 2, 254),
(1255, 7, 255),
(1256, 5, 256),
(1257, 5, 257),
(1258, 8, 258),
(1259, 2, 259),
(1260, 8, 260),
(1261, 2, 261),
(1262, 1, 262),
(1263, 7, 263),
(1264, 1, 264),
(1265, 8, 265),
(1266, 4, 266),
(1267, 4, 267),
(1268, 7, 268),
(1269, 7, 269),
(1270, 3, 270),
(1271, 4, 271),
(1272, 1, 272),
(1273, 3, 273),
(1274, 2, 274),
(1275, 8, 275),
(1276, 3, 276),
(1277, 7, 277),
(1278, 2, 278),
(1279, 3, 279),
(1280, 8, 280),
(1281, 6, 281),
(1282, 5, 282),
(1283, 5, 283),
(1284, 5, 284),
(1285, 8, 285),
(1286, 7, 286),
(1287, 6, 287),
(1288, 5, 288),
(1289, 8, 289),
(1290, 6, 290),
(1291, 1, 291),
(1292, 1, 292),
(1293, 2, 293),
(1294, 6, 294),
(1295, 8, 295),
(1296, 7, 296),
(1297, 8, 297),
(1298, 2, 298),
(1299, 4, 299),
(1300, 4, 300),
(1301, 6, 301),
(1302, 3, 302),
(1303, 2, 303),
(1304, 4, 304),
(1305, 4, 305),
(1306, 6, 306),
(1307, 1, 307),
(1308, 2, 308),
(1309, 8, 309),
(1310, 3, 310),
(1311, 4, 311),
(1312, 3, 312),
(1313, 2, 313),
(1314, 2, 314),
(1315, 3, 315),
(1316, 7, 316),
(1317, 3, 317),
(1318, 1, 318),
(1319, 3, 319),
(1320, 4, 320),
(1321, 4, 321),
(1322, 8, 322),
(1323, 1, 323),
(1324, 7, 324),
(1325, 4, 325),
(1326, 2, 326),
(1327, 4, 327),
(1328, 7, 328),
(1329, 4, 329),
(1330, 1, 330),
(1331, 5, 331),
(1332, 1, 332),
(1333, 4, 333),
(1334, 3, 334),
(1335, 8, 335),
(1336, 6, 336),
(1337, 8, 337),
(1338, 5, 338),
(1339, 7, 339),
(1340, 5, 340),
(1341, 3, 341),
(1342, 8, 342),
(1343, 7, 343),
(1344, 2, 344),
(1345, 5, 345),
(1346, 3, 346),
(1347, 5, 347),
(1348, 8, 348),
(1349, 1, 349),
(1350, 4, 350),
(1351, 7, 351),
(1352, 1, 352),
(1353, 8, 353),
(1354, 4, 354),
(1355, 3, 355),
(1356, 1, 356),
(1357, 6, 357),
(1358, 4, 358),
(1359, 6, 359),
(1360, 5, 360),
(1361, 4, 361),
(1362, 4, 362),
(1363, 1, 363),
(1364, 6, 364),
(1365, 5, 365),
(1366, 5, 366),
(1367, 4, 367),
(1368, 2, 368),
(1369, 5, 369),
(1370, 5, 370),
(1371, 8, 371),
(1372, 1, 372),
(1373, 6, 373),
(1374, 8, 374),
(1375, 8, 375),
(1376, 6, 376),
(1377, 5, 377),
(1378, 6, 378),
(1379, 1, 379),
(1380, 8, 380),
(1381, 5, 381),
(1382, 7, 382),
(1383, 3, 383),
(1384, 4, 384),
(1385, 2, 385),
(1386, 7, 386),
(1387, 4, 387),
(1388, 8, 388),
(1389, 1, 389),
(1390, 5, 390),
(1391, 6, 391),
(1392, 6, 392),
(1393, 4, 393),
(1394, 7, 394),
(1395, 1, 395),
(1396, 5, 396),
(1397, 1, 397),
(1398, 4, 398),
(1399, 7, 399),
(1400, 8, 400),
(1401, 2, 401),
(1402, 8, 402),
(1403, 2, 403),
(1404, 1, 404),
(1405, 5, 405),
(1406, 8, 406),
(1407, 1, 407),
(1408, 5, 408),
(1409, 3, 409),
(1410, 8, 410),
(1411, 5, 411),
(1412, 1, 412),
(1413, 7, 413),
(1414, 5, 414),
(1415, 5, 415),
(1416, 2, 416),
(1417, 8, 417),
(1418, 4, 418),
(1419, 3, 419),
(1420, 8, 420),
(1421, 1, 421),
(1422, 4, 422),
(1423, 7, 423),
(1424, 7, 424),
(1425, 7, 425),
(1426, 4, 426),
(1427, 6, 427),
(1428, 1, 428),
(1429, 3, 429),
(1430, 5, 430),
(1431, 8, 431),
(1432, 8, 432),
(1433, 6, 433),
(1434, 7, 434),
(1435, 8, 435),
(1436, 3, 436),
(1437, 5, 437),
(1438, 8, 438),
(1439, 1, 439),
(1440, 4, 440),
(1441, 2, 441),
(1442, 6, 442),
(1443, 8, 443),
(1444, 5, 444),
(1445, 7, 445),
(1446, 4, 446),
(1447, 7, 447),
(1448, 6, 448),
(1449, 3, 449),
(1450, 1, 450),
(1451, 4, 451),
(1452, 8, 452),
(1453, 5, 453),
(1454, 8, 454),
(1455, 7, 455),
(1456, 1, 456),
(1457, 3, 457),
(1458, 3, 458),
(1459, 6, 459),
(1460, 6, 460),
(1461, 1, 461),
(1462, 3, 462),
(1463, 3, 463),
(1464, 4, 464),
(1465, 6, 465),
(1466, 6, 466),
(1467, 6, 467),
(1468, 3, 468),
(1469, 5, 469),
(1470, 8, 470),
(1471, 8, 471),
(1472, 6, 472),
(1473, 7, 473),
(1474, 1, 474),
(1475, 5, 475),
(1476, 8, 476),
(1477, 1, 477),
(1478, 3, 478),
(1479, 4, 479),
(1480, 4, 480),
(1481, 6, 481),
(1482, 3, 482),
(1483, 4, 483),
(1484, 2, 484),
(1485, 4, 485),
(1486, 8, 486),
(1487, 4, 487),
(1488, 1, 488),
(1489, 1, 489),
(1490, 1, 490),
(1491, 8, 491),
(1492, 7, 492),
(1493, 3, 493),
(1494, 2, 494),
(1495, 7, 495),
(1496, 7, 496),
(1497, 3, 497),
(1498, 4, 498),
(1499, 3, 499),
(1500, 8, 500);

-- --------------------------------------------------------

--
-- Table structure for table `donor`
--

CREATE TABLE `donor` (
  `id` int(11) NOT NULL,
  `name` varchar(100) NOT NULL,
  `national_id` int(14) NOT NULL,
  `telephone` int(11) NOT NULL,
  `age` int(11) NOT NULL,
  `address` varchar(50) NOT NULL,
  `last_donation_date` date NOT NULL,
  `state` tinyint(1) NOT NULL
) ENGINE=InnoDB DEFAULT CHARSET=utf8mb4 COLLATE=utf8mb4_general_ci;

--
-- Dumping data for table `donor`
--

INSERT INTO `donor` (`id`, `name`, `national_id`, `telephone`, `age`, `address`, `last_donation_date`, `state`) VALUES
(1, 'علي الهاشمي', 100000001, 101010101, 19, 'شارع الأهرام، القاهرة', '2022-01-01', 1),
(2, 'أحمد السعيد', 100000002, 101010102, 20, 'شارع الملك عبد العزيز، الجيزة', '2022-02-01', 1),
(3, 'يوسف النعيمي', 100000003, 101010103, 21, 'شارع النصر، الإسكندرية', '2022-03-01', 1),
(4, 'محمد الجابري', 100000004, 101010104, 22, 'شارع التحرير، القاهرة', '2022-04-01', 1),
(5, 'خالد الراشد', 100000005, 101010105, 23, 'شارع الهرم، الجيزة', '2022-05-01', 1),
(6, 'سعيد العلي', 100000006, 101010106, 24, 'شارع السلام، القاهرة', '2022-06-01', 1),
(7, 'فهد السيف', 100000007, 101010107, 25, 'شارع الفردوس، الجيزة', '2022-07-01', 1),
(8, 'حسن المطيري', 100000008, 101010108, 26, 'شارع الثورة، القاهرة', '2022-08-01', 1),
(9, 'محمود التميمي', 100000009, 101010109, 27, 'شارع الجمهورية، الإسكندرية', '2022-09-01', 1),
(10, 'راشد البلوشي', 100000010, 101010110, 28, 'شارع الميرغني، القاهرة', '2022-10-01', 1),
(11, 'عمر القحطاني', 100000011, 101010111, 29, 'شارع قصر النيل، القاهرة', '2022-11-01', 1),
(12, 'سعيد الهُذَلِي', 100000012, 101010112, 30, 'شارع زهراء المعادي، القاهرة', '2022-12-01', 1),
(13, 'حسين العوضي', 100000013, 101010113, 31, 'شارع الأمل، القاهرة', '2023-01-01', 1),
(14, 'بدر العطار', 100000014, 101010114, 32, 'شارع الفجالة، القاهرة', '2023-02-01', 1),
(15, 'سامي الفهيد', 100000015, 101010115, 33, 'شارع الكابلات، القاهرة', '2023-03-01', 1),
(16, 'طارق الهارون', 100000016, 101010116, 34, 'شارع الجيزة، القاهرة', '2023-04-01', 1),
(17, 'عبد الله الخالدي', 100000017, 101010117, 35, 'شارع مصطفى النحاس، القاهرة', '2023-05-01', 1),
(19, 'ناصر الحارثي', 100000019, 101010119, 37, 'شارع الإسكندرية، القاهرة', '2023-07-01', 1),
(20, 'سعيد الشمري', 100000020, 101010120, 38, 'شارع سعد زغلول، الإسكندرية', '2023-08-01', 1),
(21, 'ياسر الكعبي', 100000021, 101010121, 39, 'شارع السيدة زينب، القاهرة', '2023-09-01', 1),
(22, 'عبود البريكي', 100000022, 101010122, 40, 'شارع الجمال، الجيزة', '2023-10-01', 1),
(23, 'محمد العابد', 100000023, 101010123, 19, 'شارع شمس، الإسكندرية', '2023-11-01', 1),
(25, 'عمر النعيمي', 100000025, 101010125, 21, 'شارع الأميرية، القاهرة', '2022-01-15', 1),
(26, 'مروان الهُذَلِي', 100000026, 101010126, 22, 'شارع المقطم، القاهرة', '2022-02-15', 1),
(27, 'فهد السليطي', 100000027, 101010127, 23, 'شارع السيدة عائشة، القاهرة', '2022-03-15', 1),
(28, 'محمود العلي', 100000028, 101010128, 24, 'شارع النزهة، الجيزة', '2022-04-15', 1),
(29, 'حسين الشامي', 100000029, 101010129, 25, 'شارع القطان، الجيزة', '2022-05-15', 1),
(30, 'سالم الجبوري', 100000030, 101010130, 26, 'شارع الملك فيصل، القاهرة', '2022-06-15', 1),
(31, 'فهد العبدالله', 100000031, 101010131, 27, 'شارع حي الزهور، الجيزة', '2022-07-15', 1),
(32, 'علي السعيد', 100000032, 101010132, 28, 'شارع النيل، الجيزة', '2022-08-15', 1),
(33, 'حسن القاضي', 100000033, 101010133, 29, 'شارع الحسين، القاهرة', '2022-09-15', 1),
(34, 'مروان الريس', 100000034, 101010134, 30, 'شارع قصر الشوق، القاهرة', '2022-10-15', 1),
(35, 'سعيد الفلاح', 100000035, 101010135, 31, 'شارع عبد الخالق ثروت، القاهرة', '2022-11-15', 1),
(36, 'راشد المري', 100000036, 101010136, 32, 'شارع الطيران، القاهرة', '2022-12-15', 1),
(37, 'أحمد الباز', 100000037, 101010137, 33, 'شارع النصر، الإسكندرية', '2023-01-15', 1),
(38, 'يوسف الحارثي', 100000038, 101010138, 34, 'شارع البستان، الجيزة', '2023-02-15', 1),
(39, 'علي الدوسري', 100000039, 101010139, 35, 'شارع الميدان، الإسكندرية', '2023-03-15', 1),
(40, 'سعيد العبدالله', 100000040, 101010140, 36, 'شارع الأميرات، القاهرة', '2023-04-15', 1),
(41, 'طارق الغامدي', 100000041, 101010141, 37, 'شارع الحرية، القاهرة', '2023-05-15', 1),
(42, 'محمود الجبوري', 100000042, 101010142, 38, 'شارع قصر النيل، الإسكندرية', '2023-06-15', 1),
(43, 'عبد الرحمن الكعبي', 100000043, 101010143, 39, 'شارع الأندلس، القاهرة', '2023-07-15', 1),
(44, 'راشد التميمي', 100000044, 101010144, 40, 'شارع جليم، الإسكندرية', '2023-08-15', 1),
(45, 'عبد الله العتيبي', 100000045, 101010145, 19, 'شارع الأمير عبد القادر، الجيزة', '2023-09-15', 1),
(46, 'علي المري', 100000046, 101010146, 20, 'شارع المطافي، القاهرة', '2023-10-15', 1),
(47, 'فهد القيسي', 100000047, 101010147, 21, 'شارع الزيتون، القاهرة', '2023-11-15', 1),
(48, 'سعيد النعيمي', 100000048, 101010148, 22, 'شارع الشهداء، الجيزة', '2023-12-15', 1),
(49, 'عمر السعيد', 100000049, 101010149, 23, 'شارع المطار، القاهرة', '2022-01-20', 1),
(50, 'خالد القادري', 100000050, 101010150, 24, 'شارع القليوبية، القاهرة', '2022-02-20', 1),
(51, 'محمد الحمادي', 100000051, 101010151, 25, 'شارع النزهة، القاهرة', '2022-03-20', 1),
(52, 'راشد العتيبي', 100000052, 101010152, 26, 'شارع قصر النيل، القاهرة', '2022-04-20', 1),
(53, 'عبد الله الفرج', 100000053, 101010153, 27, 'شارع الزمالك، القاهرة', '2022-05-20', 1),
(54, 'محمود القحطاني', 100000054, 101010154, 28, 'شارع العبور، الجيزة', '2022-06-20', 1),
(55, 'يوسف الفهد', 100000055, 101010155, 29, 'شارع الملك عبد الله، القاهرة', '2022-07-20', 1),
(56, 'سعيد الحارثي', 100000056, 101010156, 30, 'شارع النصر، الجيزة', '2022-08-20', 1),
(57, 'علي العلي', 100000057, 101010157, 31, 'شارع القاهرة، الجيزة', '2022-09-20', 1),
(58, 'فهد الهادي', 100000058, 101010158, 32, 'شارع الحلمية، القاهرة', '2022-10-20', 1),
(59, 'حسن الجابري', 100000059, 101010159, 33, 'شارع القصر العيني، القاهرة', '2022-11-20', 1),
(60, 'راشد الدوسري', 100000060, 101010160, 34, 'شارع الأميرية، الإسكندرية', '2022-12-20', 1),
(61, 'فاطمة طارق', 100000061, 101010161, 35, 'شارع جمال عبد الناصر، القاهرة', '2023-01-20', 1),
(62, 'هاني شريف', 100000062, 101010162, 36, 'شارع سيدي بشر، الإسكندرية', '2023-02-20', 1),
(63, 'ميار سعيد', 100000063, 101010163, 37, 'شارع سيدي سالم، الجيزة', '2023-03-20', 1),
(64, 'يوسف كريم', 100000064, 101010164, 38, 'شارع البدرشين، القاهرة', '2023-04-20', 1),
(65, 'نادية عادل', 100000065, 101010165, 39, 'شارع القطار، القاهرة', '2023-05-20', 1),
(66, 'علي أحمد', 100000066, 101010166, 40, 'شارع الحجاز، القاهرة', '2023-06-20', 1),
(67, 'هالة عادل', 100000067, 101010167, 19, 'شارع الجمهورية، القاهرة', '2023-07-20', 1),
(68, 'عادل جمال', 100000068, 101010168, 20, 'شارع الفردوس، القاهرة', '2023-08-20', 1),
(69, 'ريم سعيد', 100000069, 101010169, 21, 'شارع الهرم، القاهرة', '2023-09-20', 1),
(70, 'بلال أحمد', 100000070, 101010170, 22, 'شارع المريوطية، الجيزة', '2023-10-20', 1),
(71, 'ناديا كريم', 100000071, 101010171, 23, 'شارع النصر، الإسكندرية', '2023-11-20', 1),
(72, 'فهد عبد الله', 100000072, 101010172, 24, 'شارع الجيزة، الإسكندرية', '2023-12-20', 1),
(73, 'نادية وليد', 100000073, 101010173, 25, 'شارع عزيز إبراهيم، القاهرة', '2022-01-25', 1),
(74, 'يوسف عبد الله', 100000074, 101010174, 26, 'شارع ميدان التحرير، القاهرة', '2022-02-25', 1),
(75, 'تيمور حسين', 100000075, 101010175, 27, 'شارع البراجيل، الجيزة', '2022-03-25', 1),
(76, 'سامية شريف', 100000076, 101010176, 28, 'شارع الماكس، الإسكندرية', '2022-04-25', 1),
(77, 'عادل سامي', 100000077, 101010177, 29, 'شارع الميدان، القاهرة', '2022-05-25', 1),
(78, 'سارة حسين', 100000078, 101010178, 30, 'شارع الحسين، الجيزة', '2022-06-25', 1),
(79, 'شريف بلال', 100000079, 101010179, 31, 'شارع مطار القاهرة، القاهرة', '2022-07-25', 1),
(80, 'رانيا نور', 100000080, 101010180, 32, 'شارع الشاطبي، الإسكندرية', '2022-08-25', 1),
(81, 'جمال حسين', 100000081, 101010181, 33, 'شارع نجيب، القاهرة', '2022-09-25', 1),
(82, 'ميار عادل', 100000082, 101010182, 34, 'شارع جسر السويس، القاهرة', '2022-10-25', 1),
(83, 'نادر عادل', 100000083, 101010183, 35, 'شارع الملك عبد العزيز، الإسكندرية', '2022-11-25', 1),
(84, 'فاطمة نور', 100000084, 101010184, 36, 'شارع النصر، القاهرة', '2022-12-25', 1),
(85, 'هالة علي', 100000085, 101010185, 37, 'شارع الجيزة، القاهرة', '2023-01-25', 1),
(86, 'يوسف سامي', 100000086, 101010186, 38, 'شارع الرملة، القاهرة', '2023-02-25', 1),
(87, 'دينا فؤاد', 100000087, 101010187, 39, 'شارع البستان، القاهرة', '2023-03-25', 1),
(88, 'هاني عبد الله', 100000088, 101010188, 40, 'شارع الكورنيش، الإسكندرية', '2023-04-25', 1),
(89, 'سارة ناصر', 100000089, 101010189, 19, 'شارع الجيزة، القاهرة', '2023-05-25', 1),
(90, 'سامر طارق', 100000090, 101010190, 20, 'شارع النزهة، الجيزة', '2023-06-25', 1),
(91, 'نادية عبد الله', 100000091, 101010191, 21, 'شارع الفجالة، القاهرة', '2023-07-25', 1),
(92, 'مروان جمال', 100000092, 101010192, 22, 'شارع المعادي، القاهرة', '2023-08-25', 1),
(93, 'فاطمة شريف', 100000093, 101010193, 23, 'شارع النصر، الجيزة', '2023-09-25', 1),
(94, 'تامر عبد الله', 100000094, 101010194, 24, 'شارع طلعت حرب، القاهرة', '2023-10-25', 1),
(95, 'رانيا بلال', 100000095, 101010195, 25, 'شارع الحسين، الإسكندرية', '2023-11-25', 1),
(96, 'يوسف عادل', 100000096, 101010196, 26, 'شارع قصر النيل، الجيزة', '2023-12-25', 1),
(97, 'سلوى حسين', 100000097, 101010197, 27, 'شارع نجيب، الجيزة', '2022-01-30', 1),
(98, 'كريم عبد الله', 100000098, 101010198, 28, 'شارع السلام، الجيزة', '0000-00-00', 1),
(99, 'ريم جمال', 100000099, 101010199, 29, 'شارع المستقبل، القاهرة', '2022-03-30', 1),
(100, 'أحمد ناصر', 100000100, 101010200, 30, 'شارع الرياض، القاهرة', '2022-04-30', 1),
(101, 'هالة نور', 100000101, 101010201, 31, 'شارع الجيزة، الجيزة', '2022-05-30', 1),
(102, 'بلال سعيد', 100000102, 101010202, 32, 'شارع التحرير، الإسكندرية', '2022-06-30', 1),
(103, 'شيماء طارق', 100000103, 101010203, 33, 'شارع النصر، القاهرة', '2022-07-30', 1),
(104, 'نسرين حسين', 100000104, 101010204, 34, 'شارع شجرة الدر، القاهرة', '2022-08-30', 1),
(105, 'يوسف شريف', 100000105, 101010205, 35, 'شارع الأشرفية، الإسكندرية', '2022-09-30', 1),
(106, 'سامي نور', 100000106, 101010206, 36, 'شارع النصر، الإسكندرية', '2022-10-30', 1),
(107, 'ريم عادل', 100000107, 101010207, 37, 'شارع جمال عبد الناصر، الجيزة', '2022-11-30', 1),
(108, 'فاطمة جمال', 100000108, 101010208, 38, 'شارع المعادي، الجيزة', '2022-12-30', 1),
(109, 'ناصر سامي', 100000109, 101010209, 39, 'شارع الثروات، القاهرة', '2023-01-30', 1),
(110, 'سامر جمال', 100000110, 101010210, 40, 'شارع الحلمية، الجيزة', '0000-00-00', 1),
(111, 'سارة عبد الله', 100000111, 101010211, 19, 'شارع الزهور، الإسكندرية', '2023-03-30', 1),
(112, 'مريم نور', 100000112, 101010212, 20, 'شارع النزهة، القاهرة', '2023-04-30', 1),
(113, 'يوسف حسين', 100000113, 101010213, 21, 'شارع الميرغني، الجيزة', '2023-05-30', 1),
(114, 'ناديا فؤاد', 100000114, 101010214, 22, 'شارع جسر السويس، القاهرة', '2023-06-30', 1),
(115, 'جمال بلال', 100000115, 101010215, 23, 'شارع مدينة نصر، القاهرة', '2023-07-30', 1),
(116, 'دينا سعيد', 100000116, 101010216, 24, 'شارع الفردوس، القاهرة', '2023-08-30', 1),
(117, 'فهد كريم', 100000117, 101010217, 25, 'شارع الجيزة، الإسكندرية', '2023-09-30', 1),
(118, 'تامر عادل', 100000118, 101010218, 26, 'شارع التحرير، القاهرة', '2023-10-30', 1),
(119, 'نادية نور', 100000119, 101010219, 27, 'شارع المقطم، القاهرة', '2023-11-30', 1),
(120, 'عادل عبد الله', 100000120, 101010220, 28, 'شارع الملك عبد الله، الجيزة', '2023-12-30', 1),
(121, 'ريم شريف', 100000121, 101010221, 29, 'شارع النزهة، القاهرة', '2022-01-31', 1),
(122, 'يوسف مصطفى', 100000122, 101010222, 30, 'شارع الحسين، القاهرة', '2022-02-01', 1),
(123, 'هالة فؤاد', 100000123, 101010223, 31, 'شارع الملك فيصل، الجيزة', '2022-03-01', 1),
(124, 'سامية نور', 100000124, 101010224, 32, 'شارع عبد الناصر، القاهرة', '2022-04-01', 1),
(125, 'منى فؤاد', 100000125, 101010225, 33, 'شارع النزهة، الجيزة', '2022-05-01', 1),
(126, 'عادل شريف', 100000126, 101010226, 34, 'شارع الملك عبد الله، القاهرة', '2022-06-01', 1),
(127, 'شيماء جمال', 100000127, 101010227, 35, 'شارع الفجالة، الجيزة', '2022-07-01', 1),
(128, 'ناصر عادل', 100000128, 101010228, 36, 'شارع الجيزة، القاهرة', '2022-08-01', 1),
(129, 'يوسف حسين', 100000129, 101010229, 37, 'شارع جليم، القاهرة', '2022-09-01', 1),
(130, 'سلوى سعيد', 100000130, 101010230, 38, 'شارع النصر، القاهرة', '2022-10-01', 1),
(131, 'تامر نور', 100000131, 101010231, 39, 'شارع السيدة زينب، الجيزة', '2022-11-01', 1),
(132, 'دينا عبد الله', 100000132, 101010232, 40, 'شارع الحسين، الجيزة', '2022-12-01', 1),
(133, 'سامر يوسف', 100000133, 101010233, 19, 'شارع النزهة، القاهرة', '2023-01-01', 1),
(134, 'ناديا جمال', 100000134, 101010234, 20, 'شارع الملك فيصل، القاهرة', '2023-02-01', 1),
(135, 'جمال عادل', 100000135, 101010235, 21, 'شارع الميرغني، الجيزة', '2023-03-01', 1),
(136, 'هالة كريم', 100000136, 101010236, 22, 'شارع القصر العيني، الجيزة', '2023-04-01', 1),
(137, 'فاطمة سعيد', 100000137, 101010237, 23, 'شارع النزهة، القاهرة', '2023-05-01', 1),
(138, 'يوسف شريف', 100000138, 101010238, 24, 'شارع سيدي بشر، القاهرة', '2023-06-01', 1),
(139, 'رانيا عادل', 100000139, 101010239, 25, 'شارع الملك عبد العزيز، القاهرة', '2023-07-01', 1),
(140, 'سامية بلال', 100000140, 101010240, 26, 'شارع المنيل، القاهرة', '2023-08-01', 1),
(141, 'فهد نور', 100000141, 101010241, 27, 'شارع الحسين، الإسكندرية', '2023-09-01', 1),
(142, 'نسرين جمال', 100000142, 101010242, 28, 'شارع النزهة، الجيزة', '2023-10-01', 1),
(143, 'سارة طارق', 100000143, 101010243, 29, 'شارع عبد الخالق ثروت، القاهرة', '2023-11-01', 1),
(144, 'كريم عبد الله', 100000144, 101010244, 30, 'شارع الميرغني، الإسكندرية', '2023-12-01', 1),
(145, 'يوسف فؤاد', 100000145, 101010245, 31, 'شارع الأهرام، الجيزة', '2022-01-15', 1),
(146, 'هالة عبد الله', 100000146, 101010246, 32, 'شارع قصر النيل، الإسكندرية', '2022-02-15', 1),
(147, 'مريم عادل', 100000147, 101010247, 33, 'شارع المنصورة، القاهرة', '2022-03-15', 1),
(148, 'تامر جمال', 100000148, 101010248, 34, 'شارع النزهة، القاهرة', '2022-04-15', 1),
(149, 'نادية سعيد', 100000149, 101010249, 35, 'شارع الملك فيصل، الجيزة', '2022-05-15', 1),
(150, 'جمال نور', 100000150, 101010250, 36, 'شارع النصر، الإسكندرية', '2022-06-15', 1),
(151, 'سلوى عبد الله', 100000151, 101010251, 37, 'شارع الجيزة، القاهرة', '2022-07-15', 1),
(152, 'يوسف طارق', 100000152, 101010252, 38, 'شارع الملك عبد الله، الإسكندرية', '2022-08-15', 1),
(153, 'سامية فؤاد', 100000153, 101010253, 39, 'شارع الأهرام، القاهرة', '2022-09-15', 1),
(154, 'ناصر جمال', 100000154, 101010254, 40, 'شارع النزهة، القاهرة', '2022-10-15', 1),
(155, 'ريم نور', 100000155, 101010255, 19, 'شارع الحسين، الجيزة', '2022-11-15', 1),
(156, 'هالة شريف', 100000156, 101010256, 20, 'شارع الملك عبد العزيز، القاهرة', '2022-12-15', 1),
(157, 'عادل بلال', 100000157, 101010257, 21, 'شارع النصر، الجيزة', '2023-01-15', 1),
(158, 'دينا حسين', 100000158, 101010258, 22, 'شارع المعادي، القاهرة', '2023-02-15', 1),
(159, 'تيمور عبد الله', 100000159, 101010259, 23, 'شارع التحرير، الجيزة', '2023-03-15', 1),
(160, 'فاطمة سامي', 100000160, 101010260, 24, 'شارع قصر النيل، القاهرة', '2023-04-15', 1),
(161, 'يوسف جاد', 100000161, 101010261, 25, 'شارع الزهور، الجيزة', '2023-05-15', 1),
(162, 'ناديا شريف', 100000162, 101010262, 26, 'شارع الفردوس، الجيزة', '2023-06-15', 1),
(163, 'ريم مصطفى', 100000163, 101010263, 27, 'شارع السيدة زينب، القاهرة', '2023-07-15', 1),
(164, 'سامي جمال', 100000164, 101010264, 28, 'شارع النزهة، الإسكندرية', '2023-08-15', 1),
(165, 'نسرين بلال', 100000165, 101010265, 29, 'شارع الحسين، القاهرة', '2023-09-15', 1),
(166, 'شيماء حسين', 100000166, 101010266, 30, 'شارع الميرغني، القاهرة', '2023-10-15', 1),
(167, 'جمال طارق', 100000167, 101010267, 31, 'شارع الملك فيصل، الإسكندرية', '2023-11-15', 1),
(168, 'سارة فؤاد', 100000168, 101010268, 32, 'شارع النصر، القاهرة', '2023-12-15', 1),
(169, 'فهد سعيد', 100000169, 101010269, 33, 'شارع التحرير، الجيزة', '2022-01-20', 1),
(170, 'تامر شريف', 100000170, 101010270, 34, 'شارع الفجالة، القاهرة', '2022-02-20', 1),
(171, 'نادية عبد الله', 100000171, 101010271, 35, 'شارع النزهة، الجيزة', '2022-03-20', 1),
(172, 'يوسف شريف', 100000172, 101010272, 36, 'شارع الملك عبد العزيز، القاهرة', '2022-04-20', 1),
(173, 'هالة جاد', 100000173, 101010273, 37, 'شارع الجيزة، الإسكندرية', '2022-05-20', 1),
(174, 'سامر عبد الله', 100000174, 101010274, 38, 'شارع المعادي، الجيزة', '2022-06-20', 1),
(175, 'سلوى نور', 100000175, 101010275, 39, 'شارع الحسين، القاهرة', '2022-07-20', 1),
(176, 'ريم سعيد', 100000176, 101010276, 40, 'شارع السيدة زينب، الجيزة', '2022-08-20', 1),
(177, 'عادل مصطفى', 100000177, 101010277, 19, 'شارع التحرير، القاهرة', '2022-09-20', 1),
(178, 'فاطمة حسين', 100000178, 101010278, 20, 'شارع النصر، القاهرة', '2022-10-20', 1),
(179, 'ناديا يوسف', 100000179, 101010279, 21, 'شارع الملك فيصل، القاهرة', '2022-11-20', 1),
(180, 'بلال نور', 100000180, 101010280, 22, 'شارع النزهة، القاهرة', '2022-12-20', 1),
(181, 'يوسف بلال', 100000181, 101010281, 23, 'شارع الفجالة، الجيزة', '2023-01-20', 1),
(182, 'ميار عادل', 100000182, 101010282, 24, 'شارع النصر، الإسكندرية', '2023-02-20', 1),
(183, 'هالة سعيد', 100000183, 101010283, 25, 'شارع الجيزة، القاهرة', '2023-03-20', 1),
(184, 'سامي شريف', 100000184, 101010284, 26, 'شارع الميرغني، الجيزة', '2023-04-20', 1),
(185, 'نسرين نور', 100000185, 101010285, 27, 'شارع الملك عبد الله، الجيزة', '2023-05-20', 1),
(186, 'جمال سعيد', 100000186, 101010286, 28, 'شارع التحرير، القاهرة', '2023-06-20', 1),
(187, 'تامر حسين', 100000187, 101010287, 29, 'شارع النزهة، القاهرة', '2023-07-20', 1),
(188, 'ريم عبد الله', 100000188, 101010288, 30, 'شارع الحسين، الجيزة', '2023-08-20', 1),
(189, 'فهد شريف', 100000189, 101010289, 31, 'شارع النصر، القاهرة', '2023-09-20', 1),
(190, 'سارة نور', 100000190, 101010290, 32, 'شارع الجيزة، الجيزة', '2023-10-20', 1),
(191, 'سامية جمال', 100000191, 101010291, 33, 'شارع الملك فيصل، القاهرة', '2023-11-20', 1),
(192, 'نادية طارق', 100000192, 101010292, 34, 'شارع السيدة زينب، الجيزة', '2023-12-20', 1),
(193, 'يوسف جاد', 100000193, 101010293, 35, 'شارع التحرير، القاهرة', '2022-01-25', 1),
(194, 'تيمور عادل', 100000194, 101010294, 36, 'شارع قصر النيل، الجيزة', '2022-02-25', 1),
(195, 'دينا بلال', 100000195, 101010295, 37, 'شارع النصر، القاهرة', '2022-03-25', 1),
(196, 'هالة مصطفى', 100000196, 101010296, 38, 'شارع الملك عبد العزيز، القاهرة', '2022-04-25', 1),
(197, 'يوسف عادل', 100000197, 101010297, 39, 'شارع الجيزة، الإسكندرية', '2022-05-25', 1),
(198, 'سلوى حسين', 100000198, 101010298, 40, 'شارع الميرغني، القاهرة', '2022-06-25', 1),
(199, 'كريم عبد الله', 100000199, 101010299, 19, 'شارع النزهة، الجيزة', '2022-07-25', 1),
(200, 'ريم جمال', 100000200, 101010300, 20, 'شارع الملك عبد الله، القاهرة', '2022-08-25', 1),
(201, 'أحمد ناصر', 100000201, 101010301, 21, 'شارع التحرير، الجيزة', '2022-09-25', 1),
(202, 'هالة نور', 100000202, 101010302, 22, 'شارع قصر النيل، القاهرة', '2022-10-25', 1),
(203, 'بلال سعيد', 100000203, 101010303, 23, 'شارع النصر، الجيزة', '2022-11-25', 1),
(204, 'شيماء طارق', 100000204, 101010304, 24, 'شارع الملك فيصل، القاهرة', '2022-12-25', 1),
(205, 'نسرين حسين', 100000205, 101010305, 25, 'شارع السيدة زينب، القاهرة', '2023-01-25', 1),
(206, 'يوسف شريف', 100000206, 101010306, 26, 'شارع الجيزة، القاهرة', '2023-02-25', 1),
(207, 'سامي نور', 100000207, 101010307, 27, 'شارع النزهة، الإسكندرية', '2023-03-25', 1),
(208, 'ريم عادل', 100000208, 101010308, 28, 'شارع الميرغني، الجيزة', '2023-04-25', 1),
(209, 'فاطمة جمال', 100000209, 101010309, 29, 'شارع التحرير، القاهرة', '2023-05-25', 1),
(210, 'ناصر سامي', 100000210, 101010310, 30, 'شارع الملك عبد العزيز، القاهرة', '2023-06-25', 1),
(211, 'سامر جمال', 100000211, 101010311, 31, 'شارع قصر النيل، الإسكندرية', '2023-07-25', 1),
(212, 'سارة عبد الله', 100000212, 101010312, 32, 'شارع النصر، القاهرة', '2023-08-25', 1),
(213, 'مريم نور', 100000213, 101010313, 33, 'شارع الملك عبد الله، القاهرة', '2023-09-25', 1),
(214, 'يوسف حسين', 100000214, 101010314, 34, 'شارع الجيزة، الجيزة', '2023-10-25', 1),
(215, 'ناديا فؤاد', 100000215, 101010315, 35, 'شارع الحسين، القاهرة', '2023-11-25', 1),
(216, 'جمال بلال', 100000216, 101010316, 36, 'شارع النزهة، الجيزة', '2023-12-25', 1),
(217, 'دينا سعيد', 100000217, 101010317, 37, 'شارع الملك فيصل، القاهرة', '2022-01-30', 1),
(218, 'فهد كريم', 100000218, 101010318, 38, 'شارع السيدة زينب، القاهرة', '2022-04-14', 1),
(219, 'تامر عادل', 100000219, 101010319, 39, 'شارع النصر، الجيزة', '2022-03-30', 1),
(220, 'نادية نور', 100000220, 101010320, 40, 'شارع قصر النيل، القاهرة', '2022-04-30', 1),
(221, 'عادل عبد الله', 100000221, 101010321, 19, 'شارع الجيزة، القاهرة', '2022-05-30', 1),
(222, 'ريم شريف', 100000222, 101010322, 20, 'شارع التحرير، القاهرة', '2022-06-30', 1),
(223, 'يوسف مصطفى', 100000223, 101010323, 21, 'شارع الميرغني، الجيزة', '2022-07-30', 1),
(224, 'هالة فؤاد', 100000224, 101010324, 22, 'شارع النزهة، القاهرة', '2022-08-30', 1),
(225, 'سامية نور', 100000225, 101010325, 23, 'شارع الملك عبد العزيز، الجيزة', '2022-09-30', 1),
(226, 'منى فؤاد', 100000226, 101010326, 24, 'شارع قصر النيل، الجيزة', '2022-10-30', 1),
(227, 'عادل شريف', 100000227, 101010327, 25, 'شارع النصر، القاهرة', '2022-11-30', 1),
(228, 'شيماء جمال', 100000228, 101010328, 26, 'شارع السيدة زينب، الجيزة', '2022-12-30', 1),
(229, 'ناصر عادل', 100000229, 101010329, 27, 'شارع الملك فيصل، القاهرة', '2023-01-30', 1),
(230, 'يوسف حسين', 100000230, 101010330, 28, 'شارع الجيزة، القاهرة', '0000-00-00', 1),
(231, 'سلوى سعيد', 100000231, 101010331, 29, 'شارع التحرير، الجيزة', '2023-03-30', 1),
(232, 'تامر نور', 100000232, 101010332, 30, 'شارع النزهة، الإسكندرية', '2023-04-30', 1),
(233, 'دينا عبد الله', 100000233, 101010333, 31, 'شارع الميرغني، القاهرة', '2023-05-30', 1),
(234, 'سامر يوسف', 100000234, 101010334, 32, 'شارع الملك عبد الله، الجيزة', '2023-06-30', 1),
(235, 'ناديا جمال', 100000235, 101010335, 33, 'شارع قصر النيل، القاهرة', '2023-07-30', 1),
(236, 'جمال عادل', 100000236, 101010336, 34, 'شارع النصر، الجيزة', '2023-08-30', 1),
(237, 'هالة كريم', 100000237, 101010337, 35, 'شارع السيدة زينب، القاهرة', '2023-09-30', 1),
(238, 'فاطمة سعيد', 100000238, 101010338, 36, 'شارع الجيزة، الجيزة', '2023-10-30', 1),
(239, 'يوسف شريف', 100000239, 101010339, 37, 'شارع التحرير، القاهرة', '2023-11-30', 1),
(240, 'رانيا عادل', 100000240, 101010340, 38, 'شارع الملك فيصل، الجيزة', '2023-12-30', 1),
(241, 'سامية بلال', 100000241, 101010341, 39, 'شارع النزهة، القاهرة', '2022-01-31', 1),
(242, 'فهد نور', 100000242, 101010342, 40, 'شارع الميرغني، الجيزة', '2022-02-01', 1),
(243, 'نسرين جمال', 100000243, 101010343, 19, 'شارع الجيزة، القاهرة', '2022-03-01', 1),
(244, 'سارة طارق', 100000244, 101010344, 20, 'شارع قصر النيل، الإسكندرية', '2022-04-01', 1),
(245, 'كريم عبد الله', 100000245, 101010345, 21, 'شارع النصر، القاهرة', '2022-05-01', 1),
(246, 'يوسف فؤاد', 100000246, 101010346, 22, 'شارع السيدة زينب، الجيزة', '2022-06-01', 1),
(247, 'هالة عبد الله', 100000247, 101010347, 23, 'شارع الملك عبد الله، القاهرة', '2022-07-01', 1),
(248, 'مريم عادل', 100000248, 101010348, 24, 'شارع التحرير، الجيزة', '2022-08-01', 1),
(249, 'تامر جمال', 100000249, 101010349, 25, 'شارع النزهة، القاهرة', '2022-09-01', 1),
(250, 'نادية سعيد', 100000250, 101010350, 26, 'شارع الجيزة، الجيزة', '2022-10-01', 1),
(251, 'جمال نور', 100000251, 101010351, 27, 'شارع الميرغني، القاهرة', '2022-11-01', 1),
(252, 'سلوى عبد الله', 100000252, 101010352, 28, 'شارع الملك فيصل، الجيزة', '2022-12-01', 1),
(253, 'يوسف طارق', 100000253, 101010353, 29, 'شارع السيدة زينب، القاهرة', '2023-01-01', 1),
(254, 'سامية فؤاد', 100000254, 101010354, 30, 'شارع النصر، الجيزة', '2023-02-01', 1),
(255, 'ناصر جمال', 100000255, 101010355, 31, 'شارع قصر النيل، القاهرة', '2023-03-01', 1),
(256, 'ريم نور', 100000256, 101010356, 32, 'شارع التحرير، الإسكندرية', '2023-04-01', 1),
(257, 'هالة شريف', 100000257, 101010357, 33, 'شارع الملك عبد العزيز، القاهرة', '2023-05-01', 1),
(258, 'عادل بلال', 100000258, 101010358, 34, 'شارع الجيزة، الجيزة', '2023-06-01', 1),
(259, 'دينا حسين', 100000259, 101010359, 35, 'شارع النزهة، القاهرة', '2023-07-01', 1),
(260, 'تيمور عبد الله', 100000260, 101010360, 36, 'شارع الميرغني، الجيزة', '2023-08-01', 1),
(261, 'فاطمة سامي', 100000261, 101010361, 37, 'شارع الملك فيصل، القاهرة', '2023-09-01', 1),
(262, 'يوسف جاد', 100000262, 101010362, 38, 'شارع السيدة زينب، الجيزة', '2023-10-01', 1),
(263, 'ناديا شريف', 100000263, 101010363, 39, 'شارع الجيزة، القاهرة', '2023-11-01', 1),
(264, 'ريم مصطفى', 100000264, 101010364, 40, 'شارع النصر، الإسكندرية', '2023-12-01', 1),
(265, 'سامي جمال', 100000265, 101010365, 19, 'شارع قصر النيل، الجيزة', '2022-01-15', 1),
(266, 'نسرين بلال', 100000266, 101010366, 20, 'شارع الملك عبد الله، القاهرة', '2022-02-15', 1),
(267, 'شيماء حسين', 100000267, 101010367, 21, 'شارع التحرير، الجيزة', '2022-03-15', 1),
(268, 'جمال طارق', 100000268, 101010368, 22, 'شارع النزهة، الجيزة', '2022-04-15', 1),
(269, 'سارة فؤاد', 100000269, 101010369, 23, 'شارع الميرغني، القاهرة', '2022-05-15', 1),
(270, 'فهد سعيد', 100000270, 101010370, 24, 'شارع الملك فيصل، الجيزة', '2022-06-15', 1),
(271, 'تامر شريف', 100000271, 101010371, 25, 'شارع السيدة زينب، القاهرة', '2022-07-15', 1),
(272, 'نادية عبد الله', 100000272, 101010372, 26, 'شارع الجيزة، الإسكندرية', '2022-08-15', 1),
(273, 'يوسف شريف', 100000273, 101010373, 27, 'شارع النصر، الجيزة', '2022-09-15', 1),
(274, 'هالة جاد', 100000274, 101010374, 28, 'شارع قصر النيل، القاهرة', '2022-10-15', 1),
(275, 'سامر عبد الله', 100000275, 101010375, 29, 'شارع التحرير، الجيزة', '2022-11-15', 1),
(276, 'سلوى نور', 100000276, 101010376, 30, 'شارع الملك عبد الله، الإسكندرية', '2022-12-15', 1),
(277, 'ريم سعيد', 100000277, 101010377, 31, 'شارع الميرغني، الجيزة', '2023-01-15', 1),
(278, 'عادل مصطفى', 100000278, 101010378, 32, 'شارع السيدة زينب، القاهرة', '2023-02-15', 1),
(279, 'فاطمة حسين', 100000279, 101010379, 33, 'شارع الجيزة، القاهرة', '2023-03-15', 1),
(280, 'ناديا يوسف', 100000280, 101010380, 34, 'شارع النصر، القاهرة', '2023-04-15', 1),
(281, 'بلال نور', 100000281, 101010381, 35, 'شارع قصر النيل، الجيزة', '2023-05-15', 1),
(282, 'يوسف بلال', 100000282, 101010382, 36, 'شارع الملك فيصل، القاهرة', '2023-06-15', 1),
(283, 'ميار عادل', 100000283, 101010383, 37, 'شارع التحرير، القاهرة', '2023-07-15', 1),
(284, 'هالة سعيد', 100000284, 101010384, 38, 'شارع النزهة، الإسكندرية', '2023-08-15', 1),
(285, 'سامي شريف', 100000285, 101010385, 39, 'شارع الميرغني، القاهرة', '2023-09-15', 1),
(286, 'نسرين نور', 100000286, 101010386, 40, 'شارع الجيزة، الجيزة', '2023-10-15', 1),
(287, 'جمال سعيد', 100000287, 101010387, 19, 'شارع قصر النيل، القاهرة', '2023-11-15', 1),
(288, 'تامر حسين', 100000288, 101010388, 20, 'شارع الملك عبد الله، الجيزة', '2023-12-15', 1),
(289, 'ريم عبد الله', 100000289, 101010389, 21, 'شارع النصر، القاهرة', '2022-01-20', 1),
(290, 'فهد شريف', 100000290, 101010390, 22, 'شارع السيدة زينب، الجيزة', '2022-02-20', 1),
(291, 'سارة نور', 100000291, 101010391, 23, 'شارع التحرير، الجيزة', '2022-03-20', 1),
(292, 'سامية جمال', 100000292, 101010392, 24, 'شارع الميرغني، القاهرة', '2022-04-20', 1),
(293, 'نادية طارق', 100000293, 101010393, 25, 'شارع الجيزة، القاهرة', '2022-05-20', 1),
(294, 'يوسف جاد', 100000294, 101010394, 26, 'شارع الملك فيصل، الجيزة', '2022-06-20', 1),
(295, 'تيمور عادل', 100000295, 101010395, 27, 'شارع النزهة، القاهرة', '2022-07-20', 1),
(296, 'دينا بلال', 100000296, 101010396, 28, 'شارع قصر النيل، الجيزة', '2022-08-20', 1),
(297, 'هالة مصطفى', 100000297, 101010397, 29, 'شارع الملك عبد الله، القاهرة', '2022-09-20', 1),
(298, 'يوسف عادل', 100000298, 101010398, 30, 'شارع السيدة زينب، الجيزة', '2022-10-20', 1),
(299, 'سلوى حسين', 100000299, 101010399, 31, 'شارع التحرير، الإسكندرية', '2022-11-20', 1),
(300, 'كريم عبد الله', 100000300, 101010400, 32, 'شارع الجيزة، القاهرة', '2022-12-20', 1),
(301, 'ريم جمال', 100000301, 101010401, 33, 'شارع النصر، الجيزة', '2023-01-20', 1),
(302, 'أحمد ناصر', 100000302, 101010402, 34, 'شارع الملك فيصل، القاهرة', '2023-02-20', 1),
(303, 'هالة نور', 100000303, 101010403, 35, 'شارع قصر النيل، الجيزة', '2023-03-20', 1),
(304, 'بلال سعيد', 100000304, 101010404, 36, 'شارع الميرغني، القاهرة', '2023-04-20', 1),
(305, 'شيماء طارق', 100000305, 101010405, 37, 'شارع السيدة زينب، الجيزة', '2023-05-20', 1),
(306, 'نسرين حسين', 100000306, 101010406, 38, 'شارع التحرير، القاهرة', '2023-06-20', 1),
(307, 'يوسف شريف', 100000307, 101010407, 39, 'شارع الجيزة، الجيزة', '2023-07-20', 1),
(308, 'سامي نور', 100000308, 101010408, 40, 'شارع النصر، القاهرة', '2023-08-20', 1),
(309, 'ريم عادل', 100000309, 101010409, 19, 'شارع الملك عبد الله، الإسكندرية', '2023-09-20', 1),
(310, 'فاطمة جمال', 100000310, 101010410, 20, 'شارع قصر النيل، القاهرة', '2023-10-20', 1),
(311, 'ناصر سامي', 100000311, 101010411, 21, 'شارع السيدة زينب، القاهرة', '2023-11-20', 1),
(312, 'سامر جمال', 100000312, 101010412, 22, 'شارع الجيزة، الجيزة', '2023-12-20', 1),
(313, 'سارة عبد الله', 100000313, 101010413, 23, 'شارع الميرغني، القاهرة', '2022-01-25', 1),
(314, 'مريم نور', 100000314, 101010414, 24, 'شارع الملك فيصل، الجيزة', '2022-02-25', 1),
(315, 'يوسف حسين', 100000315, 101010415, 25, 'شارع النصر، الجيزة', '2022-03-25', 1),
(316, 'ناديا فؤاد', 100000316, 101010416, 26, 'شارع التحرير، القاهرة', '2022-04-25', 1),
(317, 'جمال بلال', 100000317, 101010417, 27, 'شارع قصر النيل، الجيزة', '2022-05-25', 1),
(318, 'دينا سعيد', 100000318, 101010418, 28, 'شارع الجيزة، القاهرة', '2022-06-25', 1),
(319, 'فهد كريم', 100000319, 101010419, 29, 'شارع الملك عبد الله، الجيزة', '2022-07-25', 1),
(320, 'تامر عادل', 100000320, 101010420, 30, 'شارع السيدة زينب، القاهرة', '2022-08-25', 1),
(321, 'نادية نور', 100000321, 101010421, 31, 'شارع النزهة، القاهرة', '2022-09-25', 1),
(322, 'عادل عبد الله', 100000322, 101010422, 32, 'شارع الميرغني، الجيزة', '2022-10-25', 1),
(323, 'ريم شريف', 100000323, 101010423, 33, 'شارع قصر النيل، القاهرة', '2022-11-25', 1),
(324, 'يوسف مصطفى', 100000324, 101010424, 34, 'شارع الجيزة، الإسكندرية', '2022-12-25', 1),
(325, 'هالة فؤاد', 100000325, 101010425, 35, 'شارع الملك فيصل، الجيزة', '2023-01-25', 1),
(326, 'سامية نور', 100000326, 101010426, 36, 'شارع النصر، القاهرة', '2023-02-25', 1),
(327, 'منى فؤاد', 100000327, 101010427, 37, 'شارع السيدة زينب، الجيزة', '2023-03-25', 1),
(328, 'عادل شريف', 100000328, 101010428, 38, 'شارع التحرير، القاهرة', '2023-04-25', 1),
(329, 'شيماء جمال', 100000329, 101010429, 39, 'شارع الميرغني، الجيزة', '2023-05-25', 1),
(330, 'ناصر عادل', 100000330, 101010430, 40, 'شارع الجيزة، القاهرة', '2023-06-25', 1),
(331, 'يوسف حسين', 100000331, 101010431, 19, 'شارع قصر النيل، الجيزة', '2023-07-25', 1),
(332, 'سلوى سعيد', 100000332, 101010432, 20, 'شارع النزهة، القاهرة', '2023-08-25', 1),
(333, 'تامر نور', 100000333, 101010433, 21, 'شارع الملك عبد الله، القاهرة', '2023-09-25', 1),
(334, 'دينا عبد الله', 100000334, 101010434, 22, 'شارع السيدة زينب، الجيزة', '2023-10-25', 1),
(335, 'سامر يوسف', 100000335, 101010435, 23, 'شارع الجيزة، الجيزة', '2023-11-25', 1),
(336, 'ناديا جمال', 100000336, 101010436, 24, 'شارع التحرير، القاهرة', '2023-12-25', 1),
(337, 'جمال عادل', 100000337, 101010437, 25, 'شارع النصر، القاهرة', '2022-01-30', 1),
(338, 'هالة كريم', 100000338, 101010438, 26, 'شارع الملك فيصل، الجيزة', '0000-00-00', 1),
(339, 'فاطمة سعيد', 100000339, 101010439, 27, 'شارع قصر النيل، القاهرة', '2022-03-30', 1),
(340, 'يوسف شريف', 100000340, 101010440, 28, 'شارع الميرغني، الجيزة', '2022-04-30', 1),
(341, 'رانيا عادل', 100000341, 101010441, 29, 'شارع السيدة زينب، القاهرة', '2022-05-30', 1),
(342, 'سامية بلال', 100000342, 101010442, 30, 'شارع الجيزة، القاهرة', '2022-06-30', 1),
(343, 'فهد نور', 100000343, 101010443, 31, 'شارع النزهة، الجيزة', '2022-07-30', 1),
(344, 'نسرين جمال', 100000344, 101010444, 32, 'شارع الملك عبد الله، القاهرة', '2022-08-30', 1),
(345, 'سارة طارق', 100000345, 101010445, 33, 'شارع التحرير، القاهرة', '2022-09-30', 1),
(346, 'كريم عبد الله', 100000346, 101010446, 34, 'شارع الميرغني، الجيزة', '2022-10-30', 1),
(347, 'يوسف فؤاد', 100000347, 101010447, 35, 'شارع الجيزة، القاهرة', '2022-11-30', 1),
(348, 'هالة عبد الله', 100000348, 101010448, 36, 'شارع قصر النيل، الجيزة', '2022-12-30', 1),
(349, 'مريم عادل', 100000349, 101010449, 37, 'شارع النصر، القاهرة', '2023-01-30', 1),
(350, 'تامر جمال', 100000350, 101010450, 38, 'شارع السيدة زينب، الجيزة', '0000-00-00', 1),
(351, 'نادية سعيد', 100000351, 101010451, 39, 'شارع الملك فيصل، القاهرة', '2023-03-30', 1),
(352, 'جمال نور', 100000352, 101010452, 40, 'شارع التحرير، الجيزة', '2023-04-30', 1),
(353, 'سلوى عبد الله', 100000353, 101010453, 19, 'شارع الميرغني، القاهرة', '2023-05-30', 1),
(354, 'يوسف طارق', 100000354, 101010454, 20, 'شارع الجيزة، الجيزة', '2023-06-30', 1),
(355, 'سامية فؤاد', 100000355, 101010455, 21, 'شارع النزهة، القاهرة', '2023-07-30', 1),
(356, 'ناصر جمال', 100000356, 101010456, 22, 'شارع الملك عبد الله، الجيزة', '2023-08-30', 1),
(357, 'ريم نور', 100000357, 101010457, 23, 'شارع قصر النيل، القاهرة', '2023-09-30', 1),
(358, 'هالة شريف', 100000358, 101010458, 24, 'شارع السيدة زينب، الجيزة', '2023-10-30', 1),
(359, 'عادل بلال', 100000359, 101010459, 25, 'شارع التحرير، القاهرة', '2023-11-30', 1),
(360, 'دينا حسين', 100000360, 101010460, 26, 'شارع الجيزة، القاهرة', '2023-12-30', 1),
(361, 'تيمور عبد الله', 100000361, 101010461, 27, 'شارع النصر، الجيزة', '2022-01-31', 1),
(362, 'فاطمة سامي', 100000362, 101010462, 28, 'شارع الملك فيصل، القاهرة', '2022-02-01', 1),
(363, 'يوسف جاد', 100000363, 101010463, 29, 'شارع الميرغني، الجيزة', '2022-03-01', 1),
(364, 'ناديا شريف', 100000364, 101010464, 30, 'شارع السيدة زينب، القاهرة', '2022-04-01', 1),
(365, 'ريم مصطفى', 100000365, 101010465, 31, 'شارع قصر النيل، الجيزة', '2022-05-01', 1),
(366, 'سامي جمال', 100000366, 101010466, 32, 'شارع النزهة، القاهرة', '2022-06-01', 1),
(367, 'نسرين بلال', 100000367, 101010467, 33, 'شارع الجيزة، القاهرة', '2022-07-01', 1),
(368, 'شيماء حسين', 100000368, 101010468, 34, 'شارع الملك عبد الله، الجيزة', '2022-08-01', 1),
(369, 'جمال طارق', 100000369, 101010469, 35, 'شارع التحرير، القاهرة', '2022-09-01', 1),
(370, 'سارة فؤاد', 100000370, 101010470, 36, 'شارع الميرغني، الجيزة', '2022-10-01', 1),
(371, 'فهد سعيد', 100000371, 101010471, 37, 'شارع السيدة زينب، القاهرة', '2022-11-01', 1),
(372, 'تامر شريف', 100000372, 101010472, 38, 'شارع الجيزة، القاهرة', '2022-12-01', 1),
(373, 'نادية عبد الله', 100000373, 101010473, 39, 'شارع قصر النيل، الجيزة', '2023-01-01', 1),
(374, 'يوسف شريف', 100000374, 101010474, 40, 'شارع النصر، القاهرة', '2023-02-01', 1),
(375, 'هالة جاد', 100000375, 101010475, 19, 'شارع الملك فيصل، الجيزة', '2023-03-01', 1),
(376, 'سامر عبد الله', 100000376, 101010476, 20, 'شارع التحرير، القاهرة', '2023-04-01', 1),
(377, 'سلوى نور', 100000377, 101010477, 21, 'شارع الميرغني، الجيزة', '2023-05-01', 1),
(378, 'ريم سعيد', 100000378, 101010478, 22, 'شارع الجيزة، القاهرة', '2023-06-01', 1),
(379, 'عادل مصطفى', 100000379, 101010479, 23, 'شارع النزهة، الجيزة', '2023-07-01', 1),
(380, 'فاطمة حسين', 100000380, 101010480, 24, 'شارع الملك عبد الله، القاهرة', '2023-08-01', 1),
(381, 'ناديا يوسف', 100000381, 101010481, 25, 'شارع السيدة زينب، الجيزة', '2023-09-01', 1),
(382, 'بلال نور', 100000382, 101010482, 26, 'شارع قصر النيل، القاهرة', '2023-10-01', 1),
(383, 'يوسف بلال', 100000383, 101010483, 27, 'شارع النصر، الجيزة', '2023-11-01', 1),
(384, 'ميار عادل', 100000384, 101010484, 28, 'شارع التحرير، القاهرة', '2023-12-01', 1),
(385, 'هالة سعيد', 100000385, 101010485, 29, 'شارع الميرغني، الجيزة', '2022-01-15', 1),
(386, 'سامي شريف', 100000386, 101010486, 30, 'شارع الجيزة، القاهرة', '2022-02-15', 1),
(387, 'نسرين نور', 100000387, 101010487, 31, 'شارع الملك فيصل، الجيزة', '2022-03-15', 1),
(388, 'جمال سعيد', 100000388, 101010488, 32, 'شارع النزهة، القاهرة', '2022-04-15', 1),
(389, 'تامر حسين', 100000389, 101010489, 33, 'شارع السيدة زينب، الجيزة', '2022-05-15', 1),
(390, 'ريم عبد الله', 100000390, 101010490, 34, 'شارع قصر النيل، القاهرة', '2022-06-15', 1),
(391, 'فهد شريف', 100000391, 101010491, 35, 'شارع النصر، الجيزة', '2022-07-15', 1),
(392, 'سارة نور', 100000392, 101010492, 36, 'شارع التحرير، القاهرة', '2022-08-15', 1),
(393, 'سامية جمال', 100000393, 101010493, 37, 'شارع الجيزة، القاهرة', '2022-09-15', 1),
(394, 'نادية طارق', 100000394, 101010494, 38, 'شارع الملك عبد الله، الجيزة', '2022-10-15', 1),
(395, 'يوسف جاد', 100000395, 101010495, 39, 'شارع السيدة زينب، القاهرة', '2022-11-15', 1),
(396, 'تيمور عادل', 100000396, 101010496, 40, 'شارع قصر النيل، الجيزة', '2022-12-15', 1),
(397, 'دينا بلال', 100000397, 101010497, 19, 'شارع النزهة، القاهرة', '2023-01-15', 1),
(398, 'هالة مصطفى', 100000398, 101010498, 20, 'شارع الجيزة، القاهرة', '2023-02-15', 1),
(399, 'يوسف عادل', 100000399, 101010499, 21, 'شارع الملك فيصل، الجيزة', '2023-03-15', 1),
(400, 'سلوى حسين', 100000400, 101010500, 22, 'شارع التحرير، القاهرة', '2023-04-15', 1),
(401, 'كريم عبد الله', 100000401, 101010501, 23, 'شارع السيدة زينب، الجيزة', '2023-05-15', 1),
(402, 'ريم جمال', 100000402, 101010502, 24, 'شارع النصر، القاهرة', '2023-06-15', 1),
(403, 'أحمد ناصر', 100000403, 101010503, 25, 'شارع الميرغني، الجيزة', '2023-07-15', 1),
(404, 'هالة نور', 100000404, 101010504, 26, 'شارع الجيزة، القاهرة', '2023-08-15', 1),
(405, 'بلال سعيد', 100000405, 101010505, 27, 'شارع قصر النيل، القاهرة', '2023-09-15', 1),
(406, 'شيماء طارق', 100000406, 101010506, 28, 'شارع السيدة زينب، الجيزة', '2023-10-15', 1),
(407, 'نسرين حسين', 100000407, 101010507, 29, 'شارع النزهة، القاهرة', '2023-11-15', 1),
(408, 'يوسف شريف', 100000408, 101010508, 30, 'شارع الملك عبد الله، الجيزة', '2023-12-15', 1),
(409, 'سامي نور', 100000409, 101010509, 31, 'شارع الميرغني، القاهرة', '2022-01-20', 1),
(410, 'ريم عادل', 100000410, 101010510, 32, 'شارع الجيزة، الجيزة', '2022-02-20', 1),
(411, 'فاطمة جمال', 100000411, 101010511, 33, 'شارع قصر النيل، القاهرة', '2022-03-20', 1),
(412, 'ناصر سامي', 100000412, 101010512, 34, 'شارع السيدة زينب، الجيزة', '2022-04-20', 1),
(413, 'سامر جمال', 100000413, 101010513, 35, 'شارع النصر، القاهرة', '2022-05-20', 1),
(414, 'سارة عبد الله', 100000414, 101010514, 36, 'شارع الملك فيصل، الجيزة', '2022-06-20', 1),
(415, 'مريم نور', 100000415, 101010515, 37, 'شارع الجيزة، القاهرة', '2022-07-20', 1),
(416, 'يوسف حسين', 100000416, 101010516, 38, 'شارع النزهة، الجيزة', '2022-08-20', 1),
(417, 'ناديا فؤاد', 100000417, 101010517, 39, 'شارع الميرغني، القاهرة', '2022-09-20', 1),
(418, 'جمال بلال', 100000418, 101010518, 40, 'شارع السيدة زينب، الجيزة', '2022-10-20', 1),
(419, 'دينا سعيد', 100000419, 101010519, 19, 'شارع قصر النيل، القاهرة', '2022-11-20', 1),
(420, 'فهد كريم', 100000420, 101010520, 20, 'شارع النصر، الجيزة', '2022-12-20', 1),
(421, 'تامر عادل', 100000421, 101010521, 21, 'شارع التحرير، القاهرة', '2023-01-20', 1),
(422, 'نادية نور', 100000422, 101010522, 22, 'شارع الملك عبد الله، الجيزة', '2023-02-20', 1),
(423, 'عادل عبد الله', 100000423, 101010523, 23, 'شارع الجيزة، القاهرة', '2023-03-20', 1),
(424, 'ريم شريف', 100000424, 101010524, 24, 'شارع الميرغني، القاهرة', '2023-04-20', 1),
(425, 'يوسف مصطفى', 100000425, 101010525, 25, 'شارع النزهة، الجيزة', '2023-05-20', 1),
(426, 'هالة فؤاد', 100000426, 101010526, 26, 'شارع قصر النيل، القاهرة', '2023-06-20', 1),
(427, 'سامية نور', 100000427, 101010527, 27, 'شارع السيدة زينب، الجيزة', '2023-07-20', 1),
(428, 'منى فؤاد', 100000428, 101010528, 28, 'شارع التحرير، القاهرة', '2023-08-20', 1),
(429, 'عادل شريف', 100000429, 101010529, 29, 'شارع النصر، القاهرة', '2023-09-20', 1),
(430, 'شيماء جمال', 100000430, 101010530, 30, 'شارع الجيزة، القاهرة', '2023-10-20', 1),
(431, 'ناصر عادل', 100000431, 101010531, 31, 'شارع الملك عبد الله، الجيزة', '2023-11-20', 1),
(432, 'يوسف حسين', 100000432, 101010532, 32, 'شارع الميرغني، القاهرة', '2023-12-20', 1),
(433, 'سلوى سعيد', 100000433, 101010533, 33, 'شارع قصر النيل، القاهرة', '2022-01-25', 1),
(434, 'تامر نور', 100000434, 101010534, 34, 'شارع النزهة، الجيزة', '2022-02-25', 1),
(435, 'دينا عبد الله', 100000435, 101010535, 35, 'شارع السيدة زينب، الجيزة', '2022-03-25', 1),
(436, 'سامر يوسف', 100000436, 101010536, 36, 'شارع الجيزة، القاهرة', '2022-04-25', 1),
(437, 'ناديا جمال', 100000437, 101010537, 37, 'شارع الملك فيصل، الجيزة', '2022-05-25', 1),
(438, 'جمال عادل', 100000438, 101010538, 38, 'شارع التحرير، القاهرة', '2022-06-25', 1),
(439, 'هالة كريم', 100000439, 101010539, 39, 'شارع النصر، القاهرة', '2022-07-25', 1),
(440, 'فاطمة سعيد', 100000440, 101010540, 40, 'شارع الميرغني، الجيزة', '2022-08-25', 1),
(441, 'يوسف شريف', 100000441, 101010541, 19, 'شارع الجيزة، القاهرة', '2022-09-25', 1),
(442, 'رانيا عادل', 100000442, 101010542, 20, 'شارع السيدة زينب، الجيزة', '2022-10-25', 1),
(443, 'سامية بلال', 100000443, 101010543, 21, 'شارع قصر النيل، القاهرة', '2022-11-25', 1),
(444, 'فهد نور', 100000444, 101010544, 22, 'شارع النزهة، الجيزة', '2022-12-25', 1),
(445, 'نسرين جمال', 100000445, 101010545, 23, 'شارع الملك عبد الله، القاهرة', '2023-01-25', 1),
(446, 'سارة طارق', 100000446, 101010546, 24, 'شارع التحرير، القاهرة', '2023-02-25', 1),
(447, 'كريم عبد الله', 100000447, 101010547, 25, 'شارع الجيزة، الجيزة', '2023-03-25', 1),
(448, 'يوسف فؤاد', 100000448, 101010548, 26, 'شارع النصر، الجيزة', '2023-04-25', 1),
(449, 'هالة عبد الله', 100000449, 101010549, 27, 'شارع الميرغني، القاهرة', '2023-05-25', 1),
(450, 'مريم عادل', 100000450, 101010550, 28, 'شارع السيدة زينب، الجيزة', '2023-06-25', 1),
(451, 'تامر جمال', 100000451, 101010551, 29, 'شارع قصر النيل، القاهرة', '2023-07-25', 1),
(452, 'نادية سعيد', 100000452, 101010552, 30, 'شارع الجيزة، القاهرة', '2023-08-25', 1),
(453, 'جمال نور', 100000453, 101010553, 31, 'شارع النزهة، الجيزة', '2023-09-25', 1),
(454, 'سلوى عبد الله', 100000454, 101010554, 32, 'شارع الملك فيصل، القاهرة', '2023-10-25', 1),
(455, 'يوسف طارق', 100000455, 101010555, 33, 'شارع الميرغني، الجيزة', '2023-11-25', 1),
(456, 'سامية فؤاد', 100000456, 101010556, 34, 'شارع السيدة زينب، القاهرة', '2023-12-25', 1),
(457, 'ناصر جمال', 100000457, 101010557, 35, 'شارع قصر النيل، الجيزة', '2022-01-30', 1),
(458, 'ريم نور', 100000458, 101010558, 36, 'شارع النصر، القاهرة', '0000-00-00', 1),
(459, 'هالة شريف', 100000459, 101010559, 37, 'شارع التحرير، الجيزة', '2022-03-30', 1),
(460, 'عادل بلال', 100000460, 101010560, 38, 'شارع الجيزة، القاهرة', '2022-04-30', 1),
(461, 'دينا حسين', 100000461, 101010561, 39, 'شارع النزهة، الجيزة', '2022-05-30', 1),
(462, 'تيمور عبد الله', 100000462, 101010562, 40, 'شارع الملك عبد الله، القاهرة', '2022-06-30', 1),
(463, 'فاطمة سامي', 100000463, 101010563, 19, 'شارع قصر النيل، الجيزة', '2022-07-30', 1),
(464, 'يوسف جاد', 100000464, 101010564, 20, 'شارع السيدة زينب، القاهرة', '2022-08-30', 1),
(465, 'ناديا شريف', 100000465, 101010565, 21, 'شارع الميرغني، الجيزة', '2022-09-30', 1),
(466, 'ريم مصطفى', 100000466, 101010566, 22, 'شارع الجيزة، القاهرة', '2022-10-30', 1),
(467, 'سامي جمال', 100000467, 101010567, 23, 'شارع النصر، القاهرة', '2022-11-30', 1),
(468, 'نسرين بلال', 100000468, 101010568, 24, 'شارع قصر النيل، الجيزة', '2022-12-30', 1),
(469, 'شيماء حسين', 100000469, 101010569, 25, 'شارع السيدة زينب، القاهرة', '2023-01-30', 1),
(470, 'جمال طارق', 100000470, 101010570, 26, 'شارع الجيزة، الجيزة', '0000-00-00', 1),
(471, 'سارة فؤاد', 100000471, 101010571, 27, 'شارع النزهة، القاهرة', '2023-03-30', 1),
(472, 'فهد سعيد', 100000472, 101010572, 28, 'شارع الملك عبد الله، الجيزة', '2023-04-30', 1),
(473, 'تامر شريف', 100000473, 101010573, 29, 'شارع الميرغني، القاهرة', '2023-05-30', 1),
(474, 'نادية عبد الله', 100000474, 101010574, 30, 'شارع قصر النيل، الجيزة', '2023-06-30', 1),
(475, 'يوسف شريف', 100000475, 101010575, 31, 'شارع النصر، القاهرة', '2023-07-30', 1),
(476, 'هالة جاد', 100000476, 101010576, 32, 'شارع السيدة زينب، الجيزة', '2023-08-30', 1),
(477, 'سامر عبد الله', 100000477, 101010577, 33, 'شارع التحرير، القاهرة', '2023-09-30', 1),
(478, 'سلوى نور', 100000478, 101010578, 34, 'شارع الجيزة، الجيزة', '2023-10-30', 1),
(479, 'ريم سعيد', 100000479, 101010579, 35, 'شارع الملك فيصل، القاهرة', '2023-11-30', 1),
(480, 'عادل مصطفى', 100000480, 101010580, 36, 'شارع النزهة، الجيزة', '2023-12-30', 1),
(481, 'فاطمة حسين', 100000481, 101010581, 37, 'شارع الميرغني، القاهرة', '2022-01-31', 1),
(482, 'ناديا يوسف', 100000482, 101010582, 38, 'شارع السيدة زينب، الجيزة', '2022-02-01', 1),
(483, 'بلال نور', 100000483, 101010583, 39, 'شارع قصر النيل، القاهرة', '2022-03-01', 1),
(484, 'يوسف بلال', 100000484, 101010584, 40, 'شارع الجيزة، القاهرة', '2022-04-01', 1),
(485, 'ميار عادل', 100000485, 101010585, 19, 'شارع النصر، الجيزة', '2022-05-01', 1),
(486, 'هالة سعيد', 100000486, 101010586, 20, 'شارع التحرير، القاهرة', '2022-06-01', 1),
(487, 'سامي شريف', 100000487, 101010587, 21, 'شارع الملك عبد الله، الجيزة', '2022-07-01', 1),
(488, 'نسرين نور', 100000488, 101010588, 22, 'شارع الميرغني، الجيزة', '2022-08-01', 1),
(489, 'جمال سعيد', 100000489, 101010589, 23, 'شارع السيدة زينب، القاهرة', '2022-09-01', 1),
(490, 'تامر حسين', 100000490, 101010590, 24, 'شارع قصر النيل، الجيزة', '2022-10-01', 1),
(491, 'ريم عبد الله', 100000491, 101010591, 25, 'شارع النزهة، القاهرة', '2022-11-01', 1),
(492, 'فهد شريف', 100000492, 101010592, 26, 'شارع الجيزة، الجيزة', '2022-12-01', 1),
(493, 'سارة نور', 100000493, 101010593, 27, 'شارع الملك فيصل، القاهرة', '2023-01-01', 1),
(494, 'سامية جمال', 100000494, 101010594, 28, 'شارع التحرير، القاهرة', '2023-02-01', 1),
(495, 'نادية طارق', 100000495, 101010595, 29, 'شارع الميرغني، الجيزة', '2023-03-01', 1),
(496, 'يوسف جاد', 100000496, 101010596, 30, 'شارع السيدة زينب، القاهرة', '2023-04-01', 1),
(497, 'تيمور عادل', 100000497, 101010597, 31, 'شارع الجيزة، الجيزة', '2023-05-01', 1),
(498, 'دينا بلال', 100000498, 101010598, 32, 'شارع قصر النيل، القاهرة', '2023-06-01', 1),
(499, 'هالة مصطفى', 100000499, 101010599, 33, 'شارع النزهة، الجيزة', '2023-07-01', 1),
(500, 'يوسف عادل', 100000500, 101010600, 34, 'شارع الميرغني، القاهرة', '2023-08-01', 1);

-- --------------------------------------------------------

--
-- Table structure for table `pma__bookmark`
--

CREATE TABLE `pma__bookmark` (
  `id` int(10) UNSIGNED NOT NULL,
  `dbase` varchar(255) NOT NULL DEFAULT '',
  `user` varchar(255) NOT NULL DEFAULT '',
  `label` varchar(255) CHARACTER SET utf8 COLLATE utf8_general_ci NOT NULL DEFAULT '',
  `query` text NOT NULL
) ENGINE=InnoDB DEFAULT CHARSET=utf8 COLLATE=utf8_bin COMMENT='Bookmarks';

-- --------------------------------------------------------

--
-- Table structure for table `pma__central_columns`
--

CREATE TABLE `pma__central_columns` (
  `db_name` varchar(64) NOT NULL,
  `col_name` varchar(64) NOT NULL,
  `col_type` varchar(64) NOT NULL,
  `col_length` text DEFAULT NULL,
  `col_collation` varchar(64) NOT NULL,
  `col_isNull` tinyint(1) NOT NULL,
  `col_extra` varchar(255) DEFAULT '',
  `col_default` text DEFAULT NULL
) ENGINE=InnoDB DEFAULT CHARSET=utf8 COLLATE=utf8_bin COMMENT='Central list of columns';

-- --------------------------------------------------------

--
-- Table structure for table `pma__column_info`
--

CREATE TABLE `pma__column_info` (
  `id` int(5) UNSIGNED NOT NULL,
  `db_name` varchar(64) NOT NULL DEFAULT '',
  `table_name` varchar(64) NOT NULL DEFAULT '',
  `column_name` varchar(64) NOT NULL DEFAULT '',
  `comment` varchar(255) CHARACTER SET utf8 COLLATE utf8_general_ci NOT NULL DEFAULT '',
  `mimetype` varchar(255) CHARACTER SET utf8 COLLATE utf8_general_ci NOT NULL DEFAULT '',
  `transformation` varchar(255) NOT NULL DEFAULT '',
  `transformation_options` varchar(255) NOT NULL DEFAULT '',
  `input_transformation` varchar(255) NOT NULL DEFAULT '',
  `input_transformation_options` varchar(255) NOT NULL DEFAULT ''
) ENGINE=InnoDB DEFAULT CHARSET=utf8 COLLATE=utf8_bin COMMENT='Column information for phpMyAdmin';

-- --------------------------------------------------------

--
-- Table structure for table `pma__designer_settings`
--

CREATE TABLE `pma__designer_settings` (
  `username` varchar(64) NOT NULL,
  `settings_data` text NOT NULL
) ENGINE=InnoDB DEFAULT CHARSET=utf8 COLLATE=utf8_bin COMMENT='Settings related to Designer';

-- --------------------------------------------------------

--
-- Table structure for table `pma__export_templates`
--

CREATE TABLE `pma__export_templates` (
  `id` int(5) UNSIGNED NOT NULL,
  `username` varchar(64) NOT NULL,
  `export_type` varchar(10) NOT NULL,
  `template_name` varchar(64) NOT NULL,
  `template_data` text NOT NULL
) ENGINE=InnoDB DEFAULT CHARSET=utf8 COLLATE=utf8_bin COMMENT='Saved export templates';

-- --------------------------------------------------------

--
-- Table structure for table `pma__favorite`
--

CREATE TABLE `pma__favorite` (
  `username` varchar(64) NOT NULL,
  `tables` text NOT NULL
) ENGINE=InnoDB DEFAULT CHARSET=utf8 COLLATE=utf8_bin COMMENT='Favorite tables';

-- --------------------------------------------------------

--
-- Table structure for table `pma__history`
--

CREATE TABLE `pma__history` (
  `id` bigint(20) UNSIGNED NOT NULL,
  `username` varchar(64) NOT NULL DEFAULT '',
  `db` varchar(64) NOT NULL DEFAULT '',
  `table` varchar(64) NOT NULL DEFAULT '',
  `timevalue` timestamp NOT NULL DEFAULT current_timestamp(),
  `sqlquery` text NOT NULL
) ENGINE=InnoDB DEFAULT CHARSET=utf8 COLLATE=utf8_bin COMMENT='SQL history for phpMyAdmin';

-- --------------------------------------------------------

--
-- Table structure for table `pma__navigationhiding`
--

CREATE TABLE `pma__navigationhiding` (
  `username` varchar(64) NOT NULL,
  `item_name` varchar(64) NOT NULL,
  `item_type` varchar(64) NOT NULL,
  `db_name` varchar(64) NOT NULL,
  `table_name` varchar(64) NOT NULL
) ENGINE=InnoDB DEFAULT CHARSET=utf8 COLLATE=utf8_bin COMMENT='Hidden items of navigation tree';

-- --------------------------------------------------------

--
-- Table structure for table `pma__pdf_pages`
--

CREATE TABLE `pma__pdf_pages` (
  `db_name` varchar(64) NOT NULL DEFAULT '',
  `page_nr` int(10) UNSIGNED NOT NULL,
  `page_descr` varchar(50) CHARACTER SET utf8 COLLATE utf8_general_ci NOT NULL DEFAULT ''
) ENGINE=InnoDB DEFAULT CHARSET=utf8 COLLATE=utf8_bin COMMENT='PDF relation pages for phpMyAdmin';

-- --------------------------------------------------------

--
-- Table structure for table `pma__recent`
--

CREATE TABLE `pma__recent` (
  `username` varchar(64) NOT NULL,
  `tables` text NOT NULL
) ENGINE=InnoDB DEFAULT CHARSET=utf8 COLLATE=utf8_bin COMMENT='Recently accessed tables';

--
-- Dumping data for table `pma__recent`
--

INSERT INTO `pma__recent` (`username`, `tables`) VALUES
('root', '[{\"db\":\"phpmyadmin\",\"table\":\"donation\"},{\"db\":\"phpmyadmin\",\"table\":\"request\"},{\"db\":\"phpmyadmin\",\"table\":\"blood\"},{\"db\":\"phpmyadmin\",\"table\":\"donor\"},{\"db\":\"blood\",\"table\":\"blood\"}]');

-- --------------------------------------------------------

--
-- Table structure for table `pma__relation`
--

CREATE TABLE `pma__relation` (
  `master_db` varchar(64) NOT NULL DEFAULT '',
  `master_table` varchar(64) NOT NULL DEFAULT '',
  `master_field` varchar(64) NOT NULL DEFAULT '',
  `foreign_db` varchar(64) NOT NULL DEFAULT '',
  `foreign_table` varchar(64) NOT NULL DEFAULT '',
  `foreign_field` varchar(64) NOT NULL DEFAULT ''
) ENGINE=InnoDB DEFAULT CHARSET=utf8 COLLATE=utf8_bin COMMENT='Relation table';

-- --------------------------------------------------------

--
-- Table structure for table `pma__savedsearches`
--

CREATE TABLE `pma__savedsearches` (
  `id` int(5) UNSIGNED NOT NULL,
  `username` varchar(64) NOT NULL DEFAULT '',
  `db_name` varchar(64) NOT NULL DEFAULT '',
  `search_name` varchar(64) NOT NULL DEFAULT '',
  `search_data` text NOT NULL
) ENGINE=InnoDB DEFAULT CHARSET=utf8 COLLATE=utf8_bin COMMENT='Saved searches';

-- --------------------------------------------------------

--
-- Table structure for table `pma__table_coords`
--

CREATE TABLE `pma__table_coords` (
  `db_name` varchar(64) NOT NULL DEFAULT '',
  `table_name` varchar(64) NOT NULL DEFAULT '',
  `pdf_page_number` int(11) NOT NULL DEFAULT 0,
  `x` float UNSIGNED NOT NULL DEFAULT 0,
  `y` float UNSIGNED NOT NULL DEFAULT 0
) ENGINE=InnoDB DEFAULT CHARSET=utf8 COLLATE=utf8_bin COMMENT='Table coordinates for phpMyAdmin PDF output';

-- --------------------------------------------------------

--
-- Table structure for table `pma__table_info`
--

CREATE TABLE `pma__table_info` (
  `db_name` varchar(64) NOT NULL DEFAULT '',
  `table_name` varchar(64) NOT NULL DEFAULT '',
  `display_field` varchar(64) NOT NULL DEFAULT ''
) ENGINE=InnoDB DEFAULT CHARSET=utf8 COLLATE=utf8_bin COMMENT='Table information for phpMyAdmin';

-- --------------------------------------------------------

--
-- Table structure for table `pma__table_uiprefs`
--

CREATE TABLE `pma__table_uiprefs` (
  `username` varchar(64) NOT NULL,
  `db_name` varchar(64) NOT NULL,
  `table_name` varchar(64) NOT NULL,
  `prefs` text NOT NULL,
  `last_update` timestamp NOT NULL DEFAULT current_timestamp() ON UPDATE current_timestamp()
) ENGINE=InnoDB DEFAULT CHARSET=utf8 COLLATE=utf8_bin COMMENT='Tables'' UI preferences';

--
-- Dumping data for table `pma__table_uiprefs`
--

INSERT INTO `pma__table_uiprefs` (`username`, `db_name`, `table_name`, `prefs`, `last_update`) VALUES
('root', 'phpmyadmin', 'donor', '{\"sorted_col\":\"`national_id` ASC\"}', '2024-09-06 05:42:29');

-- --------------------------------------------------------

--
-- Table structure for table `pma__tracking`
--

CREATE TABLE `pma__tracking` (
  `db_name` varchar(64) NOT NULL,
  `table_name` varchar(64) NOT NULL,
  `version` int(10) UNSIGNED NOT NULL,
  `date_created` datetime NOT NULL,
  `date_updated` datetime NOT NULL,
  `schema_snapshot` text NOT NULL,
  `schema_sql` text DEFAULT NULL,
  `data_sql` longtext DEFAULT NULL,
  `tracking` set('UPDATE','REPLACE','INSERT','DELETE','TRUNCATE','CREATE DATABASE','ALTER DATABASE','DROP DATABASE','CREATE TABLE','ALTER TABLE','RENAME TABLE','DROP TABLE','CREATE INDEX','DROP INDEX','CREATE VIEW','ALTER VIEW','DROP VIEW') DEFAULT NULL,
  `tracking_active` int(1) UNSIGNED NOT NULL DEFAULT 1
) ENGINE=InnoDB DEFAULT CHARSET=utf8 COLLATE=utf8_bin COMMENT='Database changes tracking for phpMyAdmin';

-- --------------------------------------------------------

--
-- Table structure for table `pma__userconfig`
--

CREATE TABLE `pma__userconfig` (
  `username` varchar(64) NOT NULL,
  `timevalue` timestamp NOT NULL DEFAULT current_timestamp() ON UPDATE current_timestamp(),
  `config_data` text NOT NULL
) ENGINE=InnoDB DEFAULT CHARSET=utf8 COLLATE=utf8_bin COMMENT='User preferences storage for phpMyAdmin';

--
-- Dumping data for table `pma__userconfig`
--

INSERT INTO `pma__userconfig` (`username`, `timevalue`, `config_data`) VALUES
('root', '2024-09-06 03:03:38', '{\"Console\\/Mode\":\"show\",\"lang\":\"ar\",\"Console\\/Height\":-70.00999999999999,\"NavigationWidth\":175}');

-- --------------------------------------------------------

--
-- Table structure for table `pma__usergroups`
--

CREATE TABLE `pma__usergroups` (
  `usergroup` varchar(64) NOT NULL,
  `tab` varchar(64) NOT NULL,
  `allowed` enum('Y','N') NOT NULL DEFAULT 'N'
) ENGINE=InnoDB DEFAULT CHARSET=utf8 COLLATE=utf8_bin COMMENT='User groups with configured menu items';

-- --------------------------------------------------------

--
-- Table structure for table `pma__users`
--

CREATE TABLE `pma__users` (
  `username` varchar(64) NOT NULL,
  `usergroup` varchar(64) NOT NULL
) ENGINE=InnoDB DEFAULT CHARSET=utf8 COLLATE=utf8_bin COMMENT='Users and their assignments to user groups';

-- --------------------------------------------------------

--
-- Table structure for table `request`
--

CREATE TABLE `request` (
  `id` int(11) NOT NULL,
  `file` blob NOT NULL,
  `group_id` int(11) NOT NULL,
  `approve` tinyint(1) NOT NULL
) ENGINE=InnoDB DEFAULT CHARSET=utf8mb4 COLLATE=utf8mb4_general_ci;

--
-- Dumping data for table `request`
--

INSERT INTO `request` (`id`, `file`, `group_id`, `approve`) VALUES
(1, '', 1, 0),
(2, '', 2, 0),
(3, '', 3, 0),
(4, '', 4, 0),
(5, '', 5, 0),
(6, '', 6, 0),
(7, '', 7, 0),
(8, '', 8, 0),
(9, '', 1, 0),
(10, '', 2, 0),
(11, '', 3, 0),
(12, '', 4, 0),
(13, '', 5, 0),
(14, '', 6, 0),
(15, '', 7, 0),
(16, '', 8, 0),
(17, '', 1, 0),
(18, '', 2, 0),
(19, '', 3, 0),
(20, '', 4, 0),
(21, '', 5, 0),
(22, '', 6, 0),
(23, '', 7, 0),
(24, '', 8, 0),
(25, '', 1, 0),
(26, '', 2, 0),
(27, '', 3, 0),
(28, '', 4, 0),
(29, '', 5, 0),
(30, '', 6, 0),
(31, '', 7, 0),
(32, '', 8, 0),
(33, '', 1, 0),
(34, '', 2, 0),
(35, '', 3, 0),
(36, '', 4, 0),
(37, '', 5, 0),
(38, '', 6, 0),
(39, '', 7, 0),
(40, '', 8, 0),
(41, '', 1, 0),
(42, '', 2, 0),
(43, '', 3, 0),
(44, '', 4, 0),
(45, '', 5, 0),
(46, '', 6, 0),
(47, '', 7, 0),
(48, '', 8, 0),
(49, '', 1, 0),
(50, '', 2, 0),
(51, '', 3, 0),
(52, '', 4, 0),
(53, '', 5, 0),
(54, '', 6, 0),
(55, '', 7, 0),
(56, '', 8, 0),
(57, '', 1, 0),
(58, '', 2, 0),
(59, '', 3, 0),
(60, '', 4, 0),
(61, '', 5, 0),
(62, '', 6, 0),
(63, '', 7, 0),
(64, '', 8, 0),
(65, '', 1, 0),
(66, '', 2, 0),
(67, '', 3, 0),
(68, '', 4, 0),
(69, '', 5, 0),
(70, '', 6, 0),
(71, '', 7, 0),
(72, '', 8, 0),
(73, '', 1, 0),
(74, '', 2, 0),
(75, '', 3, 0),
(76, '', 4, 0),
(77, '', 5, 0),
(78, '', 6, 0),
(79, '', 7, 0),
(80, '', 8, 0),
(81, '', 1, 0),
(82, '', 2, 0),
(83, '', 3, 0),
(84, '', 4, 0),
(85, '', 5, 0),
(86, '', 6, 0),
(87, '', 7, 0),
(88, '', 8, 0),
(89, '', 1, 0),
(90, '', 2, 0),
(91, '', 3, 0),
(92, '', 4, 0),
(93, '', 5, 0),
(94, '', 6, 0),
(95, '', 7, 0),
(96, '', 8, 0),
(97, '', 1, 0),
(98, '', 2, 0),
(99, '', 3, 0),
(100, '', 4, 0),
(101, '', 5, 0),
(102, '', 6, 0),
(103, '', 7, 0),
(104, '', 8, 0),
(105, '', 1, 0),
(106, '', 2, 0),
(107, '', 3, 0),
(108, '', 4, 0),
(109, '', 5, 0),
(110, '', 6, 0),
(111, '', 7, 0),
(112, '', 8, 0),
(113, '', 1, 0),
(114, '', 2, 0),
(115, '', 3, 0),
(116, '', 4, 0),
(117, '', 5, 0),
(118, '', 6, 0),
(119, '', 7, 0),
(120, '', 8, 0),
(121, '', 1, 0),
(122, '', 2, 0),
(123, '', 3, 0),
(124, '', 4, 0),
(125, '', 5, 0),
(126, '', 6, 0),
(127, '', 7, 0),
(128, '', 8, 0),
(129, '', 1, 0),
(130, '', 2, 0),
(131, '', 3, 0),
(132, '', 4, 0),
(133, '', 5, 0),
(134, '', 6, 0),
(135, '', 7, 0),
(136, '', 8, 0),
(137, '', 1, 0),
(138, '', 2, 0),
(139, '', 3, 0),
(140, '', 4, 0),
(141, '', 5, 0),
(142, '', 6, 0),
(143, '', 7, 0),
(144, '', 8, 0),
(145, '', 1, 0),
(146, '', 2, 0),
(147, '', 3, 0),
(148, '', 4, 0),
(149, '', 5, 0),
(150, '', 6, 0),
(151, '', 7, 0),
(152, '', 8, 0),
(153, '', 1, 0),
(154, '', 2, 0),
(155, '', 3, 0),
(156, '', 4, 0),
(157, '', 5, 0),
(158, '', 6, 0),
(159, '', 7, 0),
(160, '', 8, 0),
(161, '', 1, 0),
(162, '', 2, 0),
(163, '', 3, 0),
(164, '', 4, 0),
(165, '', 5, 0),
(166, '', 6, 0),
(167, '', 7, 0),
(168, '', 8, 0),
(169, '', 1, 0),
(170, '', 2, 0),
(171, '', 3, 0),
(172, '', 4, 0),
(173, '', 5, 0),
(174, '', 6, 0),
(175, '', 7, 0),
(176, '', 8, 0),
(177, '', 1, 0),
(178, '', 2, 0),
(179, '', 3, 0),
(180, '', 4, 0),
(181, '', 5, 0),
(182, '', 6, 0),
(183, '', 7, 0),
(184, '', 8, 0),
(185, '', 1, 0),
(186, '', 2, 0),
(187, '', 3, 0),
(188, '', 4, 0),
(189, '', 5, 0),
(190, '', 6, 0),
(191, '', 7, 0),
(192, '', 8, 0),
(193, '', 1, 0),
(194, '', 2, 0),
(195, '', 3, 0),
(196, '', 4, 0),
(197, '', 5, 0),
(198, '', 6, 0),
(199, '', 7, 0),
(200, '', 8, 0),
(201, '', 1, 0),
(202, '', 2, 0),
(203, '', 3, 0),
(204, '', 4, 0),
(205, '', 5, 0),
(206, '', 6, 0),
(207, '', 7, 0),
(208, '', 8, 0),
(209, '', 1, 0),
(210, '', 2, 0),
(211, '', 3, 0),
(212, '', 4, 0),
(213, '', 5, 0),
(214, '', 6, 0),
(215, '', 7, 0),
(216, '', 8, 0),
(217, '', 1, 0),
(218, '', 2, 0),
(219, '', 3, 0),
(220, '', 4, 0),
(221, '', 5, 0),
(222, '', 6, 0),
(223, '', 7, 0),
(224, '', 8, 0),
(225, '', 1, 0),
(226, '', 2, 0),
(227, '', 3, 0),
(228, '', 4, 0),
(229, '', 5, 0),
(230, '', 6, 0),
(231, '', 7, 0),
(232, '', 8, 0),
(233, '', 1, 0),
(234, '', 2, 0),
(235, '', 3, 0),
(236, '', 4, 0),
(237, '', 5, 0),
(238, '', 6, 0),
(239, '', 7, 0),
(240, '', 8, 0),
(241, '', 1, 0),
(242, '', 2, 0),
(243, '', 3, 0),
(244, '', 4, 0),
(245, '', 5, 0),
(246, '', 6, 0),
(247, '', 7, 0),
(248, '', 8, 0),
(249, '', 1, 0),
(250, '', 2, 0),
(251, '', 3, 0),
(252, '', 4, 0),
(253, '', 5, 0),
(254, '', 6, 0),
(255, '', 7, 0),
(256, '', 8, 0),
(257, '', 1, 0),
(258, '', 2, 0),
(259, '', 3, 0),
(260, '', 4, 0),
(261, '', 5, 0),
(262, '', 6, 0),
(263, '', 7, 0),
(264, '', 8, 0),
(265, '', 1, 0),
(266, '', 2, 0),
(267, '', 3, 0),
(268, '', 4, 0),
(269, '', 5, 0),
(270, '', 6, 0),
(271, '', 7, 0),
(272, '', 8, 0),
(273, '', 1, 0),
(274, '', 2, 0),
(275, '', 3, 0),
(276, '', 4, 0),
(277, '', 5, 0),
(278, '', 6, 0),
(279, '', 7, 0),
(280, '', 8, 0),
(281, '', 1, 0),
(282, '', 2, 0),
(283, '', 3, 0),
(284, '', 4, 0),
(285, '', 5, 0),
(286, '', 6, 0),
(287, '', 7, 0),
(288, '', 8, 0),
(289, '', 1, 0),
(290, '', 2, 0),
(291, '', 3, 0),
(292, '', 4, 0),
(293, '', 5, 0),
(294, '', 6, 0),
(295, '', 7, 0),
(296, '', 8, 0),
(297, '', 1, 0),
(298, '', 2, 0),
(299, '', 3, 0),
(300, '', 4, 0),
(301, '', 5, 0),
(302, '', 6, 0),
(303, '', 7, 0),
(304, '', 8, 0),
(305, '', 1, 0),
(306, '', 2, 0),
(307, '', 3, 0),
(308, '', 4, 0),
(309, '', 5, 0),
(310, '', 6, 0),
(311, '', 7, 0),
(312, '', 8, 0),
(313, '', 1, 0),
(314, '', 2, 0),
(315, '', 3, 0),
(316, '', 4, 0),
(317, '', 5, 0),
(318, '', 6, 0),
(319, '', 7, 0),
(320, '', 8, 0),
(321, '', 1, 0),
(322, '', 2, 0),
(323, '', 3, 0),
(324, '', 4, 0),
(325, '', 5, 0),
(326, '', 6, 0),
(327, '', 7, 0),
(328, '', 8, 0),
(329, '', 1, 0),
(330, '', 2, 0),
(331, '', 3, 0),
(332, '', 4, 0),
(333, '', 5, 0),
(334, '', 6, 0),
(335, '', 7, 0),
(336, '', 8, 0),
(337, '', 1, 0),
(338, '', 2, 0),
(339, '', 3, 0),
(340, '', 4, 0),
(341, '', 5, 0),
(342, '', 6, 0),
(343, '', 7, 0),
(344, '', 8, 0),
(345, '', 1, 0),
(346, '', 2, 0),
(347, '', 3, 0),
(348, '', 4, 0),
(349, '', 5, 0),
(350, '', 6, 0),
(351, '', 7, 0),
(352, '', 8, 0),
(353, '', 1, 0),
(354, '', 2, 0),
(355, '', 3, 0),
(356, '', 4, 0),
(357, '', 5, 0),
(358, '', 6, 0),
(359, '', 7, 0),
(360, '', 8, 0),
(361, '', 1, 0),
(362, '', 2, 0),
(363, '', 3, 0),
(364, '', 4, 0),
(365, '', 5, 0),
(366, '', 6, 0),
(367, '', 7, 0),
(368, '', 8, 0),
(369, '', 1, 0),
(370, '', 2, 0),
(371, '', 3, 0),
(372, '', 4, 0),
(373, '', 5, 0),
(374, '', 6, 0),
(375, '', 7, 0),
(376, '', 8, 0),
(377, '', 1, 0),
(378, '', 2, 0),
(379, '', 3, 0),
(380, '', 4, 0),
(381, '', 5, 0),
(382, '', 6, 0),
(383, '', 7, 0),
(384, '', 8, 0),
(385, '', 1, 0),
(386, '', 2, 0),
(387, '', 3, 0),
(388, '', 4, 0),
(389, '', 5, 0),
(390, '', 6, 0),
(391, '', 7, 0),
(392, '', 8, 0),
(393, '', 1, 0),
(394, '', 2, 0),
(395, '', 3, 0),
(396, '', 4, 0),
(397, '', 5, 0),
(398, '', 6, 0),
(399, '', 7, 0),
(400, '', 8, 0),
(401, '', 1, 0),
(402, '', 2, 0),
(403, '', 3, 0),
(404, '', 4, 0),
(405, '', 5, 0),
(406, '', 6, 0),
(407, '', 7, 0),
(408, '', 8, 0),
(409, '', 1, 0),
(410, '', 2, 0),
(411, '', 3, 0),
(412, '', 4, 0),
(413, '', 5, 0),
(414, '', 6, 0),
(415, '', 7, 0),
(416, '', 8, 0),
(417, '', 1, 0),
(418, '', 2, 0),
(419, '', 3, 0),
(420, '', 4, 0),
(421, '', 5, 0),
(422, '', 6, 0),
(423, '', 7, 0),
(424, '', 8, 0),
(425, '', 1, 0),
(426, '', 2, 0),
(427, '', 3, 0),
(428, '', 4, 0),
(429, '', 5, 0),
(430, '', 6, 0),
(431, '', 7, 0),
(432, '', 8, 0),
(433, '', 1, 0),
(434, '', 2, 0),
(435, '', 3, 0),
(436, '', 4, 0),
(437, '', 5, 0),
(438, '', 6, 0),
(439, '', 7, 0),
(440, '', 8, 0),
(441, '', 1, 0),
(442, '', 2, 0),
(443, '', 3, 0),
(444, '', 4, 0),
(445, '', 5, 0),
(446, '', 6, 0),
(447, '', 7, 0),
(448, '', 8, 0),
(449, '', 1, 0),
(450, '', 2, 0),
(451, '', 3, 0),
(452, '', 4, 0),
(453, '', 5, 0),
(454, '', 6, 0),
(455, '', 7, 0),
(456, '', 8, 0),
(457, '', 1, 0),
(458, '', 2, 0),
(459, '', 3, 0),
(460, '', 4, 0),
(461, '', 5, 0),
(462, '', 6, 0),
(463, '', 7, 0),
(464, '', 8, 0),
(465, '', 1, 0),
(466, '', 2, 0),
(467, '', 3, 0),
(468, '', 4, 0),
(469, '', 5, 0),
(470, '', 6, 0),
(471, '', 7, 0),
(472, '', 8, 0),
(473, '', 1, 0),
(474, '', 2, 0),
(475, '', 3, 0),
(476, '', 4, 0),
(477, '', 5, 0),
(478, '', 6, 0),
(479, '', 7, 0),
(480, '', 8, 0),
(481, '', 1, 0),
(482, '', 2, 0),
(483, '', 3, 0),
(484, '', 4, 0),
(485, '', 5, 0),
(486, '', 6, 0),
(487, '', 7, 0),
(488, '', 8, 0),
(489, '', 1, 0),
(490, '', 2, 0),
(491, '', 3, 0),
(492, '', 4, 0),
(493, '', 5, 0),
(494, '', 6, 0),
(495, '', 7, 0),
(496, '', 8, 0),
(497, '', 1, 0),
(498, '', 2, 0),
(499, '', 3, 0),
(500, '', 4, 0);

--
-- Indexes for dumped tables
--

--
-- Indexes for table `blood`
--
ALTER TABLE `blood`
  ADD PRIMARY KEY (`id`);

--
-- Indexes for table `donation`
--
ALTER TABLE `donation`
  ADD PRIMARY KEY (`id`),
  ADD KEY `group_id` (`group_id`),
  ADD KEY `donor_id` (`donor_id`);

--
-- Indexes for table `donor`
--
ALTER TABLE `donor`
  ADD PRIMARY KEY (`id`);

--
-- Indexes for table `pma__bookmark`
--
ALTER TABLE `pma__bookmark`
  ADD PRIMARY KEY (`id`);

--
-- Indexes for table `pma__central_columns`
--
ALTER TABLE `pma__central_columns`
  ADD PRIMARY KEY (`db_name`,`col_name`);

--
-- Indexes for table `pma__column_info`
--
ALTER TABLE `pma__column_info`
  ADD PRIMARY KEY (`id`),
  ADD UNIQUE KEY `db_name` (`db_name`,`table_name`,`column_name`);

--
-- Indexes for table `pma__designer_settings`
--
ALTER TABLE `pma__designer_settings`
  ADD PRIMARY KEY (`username`);

--
-- Indexes for table `pma__export_templates`
--
ALTER TABLE `pma__export_templates`
  ADD PRIMARY KEY (`id`),
  ADD UNIQUE KEY `u_user_type_template` (`username`,`export_type`,`template_name`);

--
-- Indexes for table `pma__favorite`
--
ALTER TABLE `pma__favorite`
  ADD PRIMARY KEY (`username`);

--
-- Indexes for table `pma__history`
--
ALTER TABLE `pma__history`
  ADD PRIMARY KEY (`id`),
  ADD KEY `username` (`username`,`db`,`table`,`timevalue`);

--
-- Indexes for table `pma__navigationhiding`
--
ALTER TABLE `pma__navigationhiding`
  ADD PRIMARY KEY (`username`,`item_name`,`item_type`,`db_name`,`table_name`);

--
-- Indexes for table `pma__pdf_pages`
--
ALTER TABLE `pma__pdf_pages`
  ADD PRIMARY KEY (`page_nr`),
  ADD KEY `db_name` (`db_name`);

--
-- Indexes for table `pma__recent`
--
ALTER TABLE `pma__recent`
  ADD PRIMARY KEY (`username`);

--
-- Indexes for table `pma__relation`
--
ALTER TABLE `pma__relation`
  ADD PRIMARY KEY (`master_db`,`master_table`,`master_field`),
  ADD KEY `foreign_field` (`foreign_db`,`foreign_table`);

--
-- Indexes for table `pma__savedsearches`
--
ALTER TABLE `pma__savedsearches`
  ADD PRIMARY KEY (`id`),
  ADD UNIQUE KEY `u_savedsearches_username_dbname` (`username`,`db_name`,`search_name`);

--
-- Indexes for table `pma__table_coords`
--
ALTER TABLE `pma__table_coords`
  ADD PRIMARY KEY (`db_name`,`table_name`,`pdf_page_number`);

--
-- Indexes for table `pma__table_info`
--
ALTER TABLE `pma__table_info`
  ADD PRIMARY KEY (`db_name`,`table_name`);

--
-- Indexes for table `pma__table_uiprefs`
--
ALTER TABLE `pma__table_uiprefs`
  ADD PRIMARY KEY (`username`,`db_name`,`table_name`);

--
-- Indexes for table `pma__tracking`
--
ALTER TABLE `pma__tracking`
  ADD PRIMARY KEY (`db_name`,`table_name`,`version`);

--
-- Indexes for table `pma__userconfig`
--
ALTER TABLE `pma__userconfig`
  ADD PRIMARY KEY (`username`);

--
-- Indexes for table `pma__usergroups`
--
ALTER TABLE `pma__usergroups`
  ADD PRIMARY KEY (`usergroup`,`tab`,`allowed`);

--
-- Indexes for table `pma__users`
--
ALTER TABLE `pma__users`
  ADD PRIMARY KEY (`username`,`usergroup`);

--
-- Indexes for table `request`
--
ALTER TABLE `request`
  ADD PRIMARY KEY (`id`),
  ADD KEY `group_id` (`group_id`);

--
-- AUTO_INCREMENT for dumped tables
--

--
-- AUTO_INCREMENT for table `blood`
--
ALTER TABLE `blood`
  MODIFY `id` int(11) NOT NULL AUTO_INCREMENT, AUTO_INCREMENT=9;

--
-- AUTO_INCREMENT for table `donation`
--
ALTER TABLE `donation`
  MODIFY `id` int(11) NOT NULL AUTO_INCREMENT, AUTO_INCREMENT=4704;

--
-- AUTO_INCREMENT for table `donor`
--
ALTER TABLE `donor`
  MODIFY `id` int(11) NOT NULL AUTO_INCREMENT, AUTO_INCREMENT=561;

--
-- AUTO_INCREMENT for table `pma__bookmark`
--
ALTER TABLE `pma__bookmark`
  MODIFY `id` int(10) UNSIGNED NOT NULL AUTO_INCREMENT;

--
-- AUTO_INCREMENT for table `pma__column_info`
--
ALTER TABLE `pma__column_info`
  MODIFY `id` int(5) UNSIGNED NOT NULL AUTO_INCREMENT;

--
-- AUTO_INCREMENT for table `pma__export_templates`
--
ALTER TABLE `pma__export_templates`
  MODIFY `id` int(5) UNSIGNED NOT NULL AUTO_INCREMENT;

--
-- AUTO_INCREMENT for table `pma__history`
--
ALTER TABLE `pma__history`
  MODIFY `id` bigint(20) UNSIGNED NOT NULL AUTO_INCREMENT;

--
-- AUTO_INCREMENT for table `pma__pdf_pages`
--
ALTER TABLE `pma__pdf_pages`
  MODIFY `page_nr` int(10) UNSIGNED NOT NULL AUTO_INCREMENT;

--
-- AUTO_INCREMENT for table `pma__savedsearches`
--
ALTER TABLE `pma__savedsearches`
  MODIFY `id` int(5) UNSIGNED NOT NULL AUTO_INCREMENT;

--
-- AUTO_INCREMENT for table `request`
--
ALTER TABLE `request`
  MODIFY `id` int(11) NOT NULL AUTO_INCREMENT, AUTO_INCREMENT=505;

--
-- Constraints for dumped tables
--

--
-- Constraints for table `donation`
--
ALTER TABLE `donation`
  ADD CONSTRAINT `donation_ibfk_1` FOREIGN KEY (`donor_id`) REFERENCES `donor` (`id`);

--
-- Constraints for table `request`
--
ALTER TABLE `request`
  ADD CONSTRAINT `request_ibfk_1` FOREIGN KEY (`group_id`) REFERENCES `blood` (`id`);
COMMIT;

/*!40101 SET CHARACTER_SET_CLIENT=@OLD_CHARACTER_SET_CLIENT */;
/*!40101 SET CHARACTER_SET_RESULTS=@OLD_CHARACTER_SET_RESULTS */;
/*!40101 SET COLLATION_CONNECTION=@OLD_COLLATION_CONNECTION */;
